Event Name,Venue Name,Event Date,Section,Row,Notes,Stock Type,Quantity,Price
Miami Heat vs. Washington Wizards,AmericanAirlines Arena,"Fri, Feb 05 2021 8:00 PM",311,10,mobile,Electronic Transfer,2,73.00
Miami Heat vs. Washington Wizards,AmericanAirlines Arena,"Fri, Feb 05 2021 8:00 PM",317,6,XFER,Electronic Transfer,2,73.00
Miami Heat vs. Washington Wizards,AmericanAirlines Arena,"Fri, Feb 05 2021 8:00 PM",327,1,Mobile Tickets: You will need to set up a separate account to access your tickets (instructions will be emailed). XFER,Electronic Transfer,2,75.00
Miami Heat vs. Washington Wizards,AmericanAirlines Arena,"Fri, Feb 05 2021 8:00 PM",309,10,Mobile Tickets: You will need to set up a separate account to access your tickets (instructions will be emailed). XFER,Electronic Transfer,2,75.00
Miami Heat vs. Washington Wizards,AmericanAirlines Arena,"Fri, Feb 05 2021 8:00 PM",307,9,XFER,Electronic Transfer,2,75.00
Miami Heat vs. Washington Wizards,AmericanAirlines Arena,"Fri, Feb 05 2021 8:00 PM",307,6,XFER,Electronic Transfer,2,76.00
Miami Heat vs. Washington Wizards,AmericanAirlines Arena,"Fri, Feb 05 2021 8:00 PM",309,10,Mobile Tickets: You will need to set up a separate account to access your tickets (instructions will be emailed). XFER,Electronic Transfer,2,76.00
Miami Heat vs. Washington Wizards,AmericanAirlines Arena,"Fri, Feb 05 2021 8:00 PM",326,9,XFER,Electronic Transfer,2,76.00
Miami Heat vs. Washington Wizards,AmericanAirlines Arena,"Fri, Feb 05 2021 8:00 PM",309,9,Mobile Tickets: You will need to set up a separate account to access your tickets (instructions will be emailed). XFER,Electronic Transfer,2,77.00
Miami Heat vs. Washington Wizards,AmericanAirlines Arena,"Fri, Feb 05 2021 8:00 PM",315,6,Mobile Tickets: You will need to set up a separate account to access your tickets (instructions will be emailed). XFER,Electronic Transfer,2,77.00
Miami Heat vs. Washington Wizards,AmericanAirlines Arena,"Fri, Feb 05 2021 8:00 PM",322,6,XFER,Electronic Transfer,2,78.00
Miami Heat vs. Washington Wizards,AmericanAirlines Arena,"Fri, Feb 05 2021 8:00 PM",320,1,mobile,Electronic Transfer,2,80.00
Miami Heat vs. Washington Wizards,AmericanAirlines Arena,"Fri, Feb 05 2021 8:00 PM",328,5,XFER,Electronic Transfer,2,81.00
Miami Heat vs. Washington Wizards,AmericanAirlines Arena,"Fri, Feb 05 2021 8:00 PM",316,6,Mobile Tickets: You will need to set up a separate account to access your tickets (instructions will be emailed). XFER,Electronic Transfer,2,81.00
Miami Heat vs. Washington Wizards,AmericanAirlines Arena,"Fri, Feb 05 2021 8:00 PM",322,10,Seats 7 - 8. XFER Mobile Entry. Scan your tickets from your mobile phone for this event.,Electronic Transfer,2,82.00
Miami Heat vs. Washington Wizards,AmericanAirlines Arena,"Fri, Feb 05 2021 8:00 PM",322,1,XFER,Electronic Transfer,2,85.00
Miami Heat vs. Washington Wizards,AmericanAirlines Arena,"Fri, Feb 05 2021 8:00 PM",331,4,Mobile Tickets: You will need to set up a separate account to access your tickets (instructions will be emailed). XFER,Electronic Transfer,2,85.00
Miami Heat vs. Washington Wizards,AmericanAirlines Arena,"Fri, Feb 05 2021 8:00 PM",322,3,Mobile Entry Tickets. Must have smart device on hand to enter event.,Electronic Transfer,4,87.00
Miami Heat vs. Washington Wizards,AmericanAirlines Arena,"Fri, Feb 05 2021 8:00 PM",306,9,Seats 16 - 17. XFER Mobile Entry. Scan your tickets from your mobile phone for this event.,Electronic Transfer,2,87.00
Miami Heat vs. Washington Wizards,AmericanAirlines Arena,"Fri, Feb 05 2021 8:00 PM",304,1,Seats 2 - 3. XFER Mobile Entry. Scan your tickets from your mobile phone for this event.,Electronic Transfer,2,92.00
Miami Heat vs. Washington Wizards,AmericanAirlines Arena,"Fri, Feb 05 2021 8:00 PM",317,2,mobile,Electronic Transfer,4,93.00
Miami Heat vs. Washington Wizards,AmericanAirlines Arena,"Fri, Feb 05 2021 8:00 PM",304,1,Seats 11 - 12. XFER Mobile Entry. Scan your tickets from your mobile phone for this event.,Electronic Transfer,2,94.00
Miami Heat vs. Washington Wizards,AmericanAirlines Arena,"Fri, Feb 05 2021 8:00 PM",308,8,XFER,Electronic Transfer,4,97.00
Miami Heat vs. Washington Wizards,AmericanAirlines Arena,"Fri, Feb 05 2021 8:00 PM",308,10,Seats 3 - 4. Mobile Entry Tickets. Must have smart device on hand to enter event. xfer Mobile Tickets: You will need to set up a separate account to access your tickets (instructions will be emailed).. Ready to ship by 2/5/2021,Electronic Transfer,2,99.00
Miami Heat vs. Washington Wizards,AmericanAirlines Arena,"Fri, Feb 05 2021 8:00 PM",123,33,mobile,Electronic Transfer,4,103.00
Miami Heat vs. Washington Wizards,AmericanAirlines Arena,"Fri, Feb 05 2021 8:00 PM",303,1,Elite Seller - Has established a reputation for speedy confirmation and on-time delivery of orders!,Electronic Transfer,2,104.00
Miami Heat vs. Washington Wizards,AmericanAirlines Arena,"Fri, Feb 05 2021 8:00 PM",102,30,Seats 9 - 12. XFER Mobile Entry Tickets. Must have smart device on hand to enter event.,Electronic Transfer,4,105.00
Miami Heat vs. Washington Wizards,AmericanAirlines Arena,"Fri, Feb 05 2021 8:00 PM",310,1,Seats 18 - 19. TMX XFER,Electronic Transfer,2,107.00
Miami Heat vs. Washington Wizards,AmericanAirlines Arena,"Fri, Feb 05 2021 8:00 PM",307,1,MOBILE XFER,Electronic Transfer,4,108.00
Miami Heat vs. Washington Wizards,AmericanAirlines Arena,"Fri, Feb 05 2021 8:00 PM",111,31,mobile,Electronic Transfer,4,109.00
Miami Heat vs. Washington Wizards,AmericanAirlines Arena,"Fri, Feb 05 2021 8:00 PM",123,30,mobile,Electronic Transfer,4,113.00
Miami Heat vs. Washington Wizards,AmericanAirlines Arena,"Fri, Feb 05 2021 8:00 PM",326,1,mobile,Electronic Transfer,2,113.00
Miami Heat vs. Washington Wizards,AmericanAirlines Arena,"Fri, Feb 05 2021 8:00 PM",112,30,mobile,Electronic Transfer,4,119.00
Miami Heat vs. Washington Wizards,AmericanAirlines Arena,"Fri, Feb 05 2021 8:00 PM",111,25,mobile,Electronic Transfer,4,125.00
Miami Heat vs. Washington Wizards,AmericanAirlines Arena,"Fri, Feb 05 2021 8:00 PM",123,30,Elite Seller - Has established a reputation for speedy confirmation and on-time delivery of orders!,Electronic Transfer,4,128.00
Miami Heat vs. Washington Wizards,AmericanAirlines Arena,"Fri, Feb 05 2021 8:00 PM",104,24,Xfer Mobile Entry. Scan your tickets from your mobile phone for this event. Do not print these tickets,Electronic Transfer,2,135.00
Miami Heat vs. Washington Wizards,AmericanAirlines Arena,"Fri, Feb 05 2021 8:00 PM",123,31,Seats 3 - 4. TMX XFER,Electronic Transfer,2,143.00
Miami Heat vs. Washington Wizards,AmericanAirlines Arena,"Fri, Feb 05 2021 8:00 PM",124,34,Mobile Tickets: You will need to set up a separate account to access your tickets (instructions will be emailed). XFER,Electronic Transfer,2,147.00
Miami Heat vs. Washington Wizards,AmericanAirlines Arena,"Fri, Feb 05 2021 8:00 PM",116,17,Seats 5 - 8. Mobile Entry Tickets. Must have smart device on hand to enter event.,Electronic Transfer,4,149.00
Miami Heat vs. Washington Wizards,AmericanAirlines Arena,"Fri, Feb 05 2021 8:00 PM",101,37,XFER,Electronic Transfer,2,150.00
Miami Heat vs. Washington Wizards,AmericanAirlines Arena,"Fri, Feb 05 2021 8:00 PM",306,1,"XFER, XFER",Electronic Transfer,4,152.00
Miami Heat vs. Washington Wizards,AmericanAirlines Arena,"Fri, Feb 05 2021 8:00 PM",310,4,"XFER, XFER",Electronic Transfer,4,152.00
Miami Heat vs. Washington Wizards,AmericanAirlines Arena,"Fri, Feb 05 2021 8:00 PM",327,3,"XFER, XFER",Electronic Transfer,2,154.00
Miami Heat vs. Washington Wizards,AmericanAirlines Arena,"Fri, Feb 05 2021 8:00 PM",101,32,Mobile Tickets: You will need to set up a separate account to access your tickets (instructions will be emailed). XFER,Electronic Transfer,2,164.00
Miami Heat vs. Washington Wizards,AmericanAirlines Arena,"Fri, Feb 05 2021 8:00 PM",121,25,Mobile Tickets: You will need to set up a separate account to access your tickets (instructions will be emailed). XFER,Electronic Transfer,2,165.00
Miami Heat vs. Washington Wizards,AmericanAirlines Arena,"Fri, Feb 05 2021 8:00 PM",114,28,Elite Seller - Has established a reputation for speedy confirmation and on-time delivery of orders!,Electronic Transfer,2,169.00
Miami Heat vs. Washington Wizards,AmericanAirlines Arena,"Fri, Feb 05 2021 8:00 PM",312,10,mobile,Electronic Transfer,3,170.00
Miami Heat vs. Washington Wizards,AmericanAirlines Arena,"Fri, Feb 05 2021 8:00 PM",122,37,mobile,Electronic Transfer,2,171.00
Miami Heat vs. Washington Wizards,AmericanAirlines Arena,"Fri, Feb 05 2021 8:00 PM",109,24,Mobile Tickets: You will need to set up a separate account to access your tickets (instructions will be emailed). XFER ADA accessible.,Electronic Transfer,2,177.00
Miami Heat vs. Washington Wizards,AmericanAirlines Arena,"Fri, Feb 05 2021 8:00 PM",122,32,mobile,Electronic Transfer,2,179.00
Miami Heat vs. Washington Wizards,AmericanAirlines Arena,"Fri, Feb 05 2021 8:00 PM",114,19,Mobile Tickets: You will need to set up a separate account to access your tickets (instructions will be emailed). XFER,Electronic Transfer,2,180.00
Miami Heat vs. Washington Wizards,AmericanAirlines Arena,"Fri, Feb 05 2021 8:00 PM",109,28,"XFER, XFER",Electronic Transfer,2,185.00
Miami Heat vs. Washington Wizards,AmericanAirlines Arena,"Fri, Feb 05 2021 8:00 PM",115,28,mobile,Electronic Transfer,2,187.00
Miami Heat vs. Washington Wizards,AmericanAirlines Arena,"Fri, Feb 05 2021 8:00 PM",121,24,Mobile Tickets: You will need to set up a separate account to access your tickets (instructions will be emailed). XFER,Electronic Transfer,2,188.00
Miami Heat vs. Washington Wizards,AmericanAirlines Arena,"Fri, Feb 05 2021 8:00 PM",105,17,Mobile XFER Mobile Tickets: You will need to set up a separate account to access your tickets (instructions will be emailed). Xfer,Electronic Transfer,4,192.00
Miami Heat vs. Washington Wizards,AmericanAirlines Arena,"Fri, Feb 05 2021 8:00 PM",116,14,Seats 5 - 8. Mobile Entry Tickets. Must have smart device on hand to enter event.,Electronic Transfer,4,199.00
Miami Heat vs. Washington Wizards,AmericanAirlines Arena,"Fri, Feb 05 2021 8:00 PM",104,23,Mobile Tickets: You will need to set up a separate account to access your tickets (instructions will be emailed). XFER,Electronic Transfer,2,199.00
Miami Heat vs. Washington Wizards,AmericanAirlines Arena,"Fri, Feb 05 2021 8:00 PM",121,22,Mobile Tickets: You will need to set up a separate account to access your tickets (instructions will be emailed). XFER,Electronic Transfer,2,211.00
Miami Heat vs. Washington Wizards,AmericanAirlines Arena,"Fri, Feb 05 2021 8:00 PM",117,27,Mobile Tickets: You will need to set up a separate account to access your tickets (instructions will be emailed). XFER,Electronic Transfer,4,214.00
Miami Heat vs. Washington Wizards,AmericanAirlines Arena,"Fri, Feb 05 2021 8:00 PM",109,22,Mobile Tickets: You will need to set up a separate account to access your tickets (instructions will be emailed). XFER,Electronic Transfer,2,223.00
Miami Heat vs. Washington Wizards,AmericanAirlines Arena,"Fri, Feb 05 2021 8:00 PM",327,9,mobile,Electronic Transfer,1,227.00
Miami Heat vs. Washington Wizards,AmericanAirlines Arena,"Fri, Feb 05 2021 8:00 PM",117,25,XFER,Electronic Transfer,2,233.00
Miami Heat vs. Washington Wizards,AmericanAirlines Arena,"Fri, Feb 05 2021 8:00 PM",119,17,mobile,Electronic Transfer,4,240.00
Miami Heat vs. Washington Wizards,AmericanAirlines Arena,"Fri, Feb 05 2021 8:00 PM",102,25,"XFER, XFER",Electronic Transfer,2,240.00
Miami Heat vs. Washington Wizards,AmericanAirlines Arena,"Fri, Feb 05 2021 8:00 PM",117,23,Mobile Tickets: You will need to set up a separate account to access your tickets (instructions will be emailed). XFER,Electronic Transfer,4,243.00
Miami Heat vs. Washington Wizards,AmericanAirlines Arena,"Fri, Feb 05 2021 8:00 PM",324,11,mobile,Electronic Transfer,2,244.00
Miami Heat vs. Washington Wizards,AmericanAirlines Arena,"Fri, Feb 05 2021 8:00 PM",108,18,Elite Seller - Has established a reputation for speedy confirmation and on-time delivery of orders!,Electronic Transfer,4,245.00
Miami Heat vs. Washington Wizards,AmericanAirlines Arena,"Fri, Feb 05 2021 8:00 PM",114,25,"XFER, XFER",Electronic Transfer,2,248.00
Miami Heat vs. Washington Wizards,AmericanAirlines Arena,"Fri, Feb 05 2021 8:00 PM",118,20,Mobile Tickets: You will need to set up a separate account to access your tickets (instructions will be emailed). XFER,Electronic Transfer,4,250.00
Miami Heat vs. Washington Wizards,AmericanAirlines Arena,"Fri, Feb 05 2021 8:00 PM",105,14,XFER,Electronic Transfer,4,253.00
Miami Heat vs. Washington Wizards,AmericanAirlines Arena,"Fri, Feb 05 2021 8:00 PM",105,14,XFER,Electronic Transfer,4,253.00
Miami Heat vs. Washington Wizards,AmericanAirlines Arena,"Fri, Feb 05 2021 8:00 PM",325,8,"XFER, XFER",Electronic Transfer,2,254.00
Miami Heat vs. Washington Wizards,AmericanAirlines Arena,"Fri, Feb 05 2021 8:00 PM",121,12,Elite Seller - Has established a reputation for speedy confirmation and on-time delivery of orders!,Electronic Transfer,2,259.00
Miami Heat vs. Washington Wizards,AmericanAirlines Arena,"Fri, Feb 05 2021 8:00 PM",107,21,XFER,Electronic Transfer,4,291.00
Miami Heat vs. Washington Wizards,AmericanAirlines Arena,"Fri, Feb 05 2021 8:00 PM",118,12,"XFER, XFER",Electronic Transfer,4,295.00
Miami Heat vs. Washington Wizards,AmericanAirlines Arena,"Fri, Feb 05 2021 8:00 PM",105,20,"XFER, XFER",Electronic Transfer,4,299.00
Miami Heat vs. Washington Wizards,AmericanAirlines Arena,"Fri, Feb 05 2021 8:00 PM",105,17,"XFER, XFER",Electronic Transfer,4,314.00
Miami Heat vs. Washington Wizards,AmericanAirlines Arena,"Fri, Feb 05 2021 8:00 PM",120,20,Elite Seller - Has established a reputation for speedy confirmation and on-time delivery of orders!,Electronic Transfer,4,336.00
Miami Heat vs. Washington Wizards,AmericanAirlines Arena,"Fri, Feb 05 2021 8:00 PM",108,18,mobile,Electronic Transfer,3,360.00
Miami Heat vs. Washington Wizards,AmericanAirlines Arena,"Fri, Feb 05 2021 8:00 PM",117,10,XFER,Electronic Transfer,4,380.00
Miami Heat vs. Washington Wizards,AmericanAirlines Arena,"Fri, Feb 05 2021 8:00 PM",119,18,Mobile Tickets: You will need to set up a separate account to access your tickets (instructions will be emailed). XFER,Electronic Transfer,2,405.00
Miami Heat vs. Washington Wizards,AmericanAirlines Arena,"Fri, Feb 05 2021 8:00 PM",117,17,"XFER, XFER",Electronic Transfer,4,409.00
Miami Heat vs. Washington Wizards,AmericanAirlines Arena,"Fri, Feb 05 2021 8:00 PM",324,8,Mobile Tickets: You will need to set up a separate account to access your tickets (instructions will be emailed). XFER,Electronic Transfer,2,412.00
Miami Heat vs. Washington Wizards,AmericanAirlines Arena,"Fri, Feb 05 2021 8:00 PM",118,14,Mobile Tickets: You will need to set up a separate account to access your tickets (instructions will be emailed). XFER,Electronic Transfer,3,417.00
Miami Heat vs. Washington Wizards,AmericanAirlines Arena,"Fri, Feb 05 2021 8:00 PM",118,23,"XFER, XFER",Electronic Transfer,2,449.00
Miami Heat vs. Washington Wizards,AmericanAirlines Arena,"Fri, Feb 05 2021 8:00 PM",325,1,"XFER, XFER",Electronic Transfer,2,457.00
Miami Heat vs. Washington Wizards,AmericanAirlines Arena,"Fri, Feb 05 2021 8:00 PM",118,14,"XFER, XFER",Electronic Transfer,4,489.00
Miami Heat vs. Washington Wizards,AmericanAirlines Arena,"Fri, Feb 05 2021 8:00 PM",118,17,"XFER, XFER",Electronic Transfer,4,489.00
Miami Heat vs. Washington Wizards,AmericanAirlines Arena,"Fri, Feb 05 2021 8:00 PM",108,21,"XFER, XFER",Electronic Transfer,4,489.00
Miami Heat vs. Washington Wizards,AmericanAirlines Arena,"Fri, Feb 05 2021 8:00 PM",118,20,"XFER, XFER",Electronic Transfer,4,570.00
New York Yankees vs. Baltimore Orioles,Yankee Stadium,"Mon, Apr 05 2021 6:35 PM",428,2,Xfer MOBILE ENTRY. Scan your tickets from your phone for this event. Do not print these tickets. Ready to ship by 4/3/2021,Electronic Transfer,2,16.00
New York Yankees vs. Baltimore Orioles,Yankee Stadium,"Mon, Apr 05 2021 6:35 PM",430,4,Elite Seller - Has established a reputation for speedy confirmation and on-time delivery of orders!,Electronic Transfer,4,17.00
New York Yankees vs. Baltimore Orioles,Yankee Stadium,"Mon, Apr 05 2021 6:35 PM",420C,3,XFER. Ready to ship by 4/3/2021,Electronic Transfer,2,23.00
New York Yankees vs. Baltimore Orioles,Yankee Stadium,"Mon, Apr 05 2021 6:35 PM",413,4,Seats 9 - 10. XFER Mobile Entry Tickets. Must have smart device on hand to enter event. Ready to ship by 3/29/2021,Electronic Transfer,2,23.00
New York Yankees vs. Baltimore Orioles,Yankee Stadium,"Mon, Apr 05 2021 6:35 PM",427,10,Seats 11 - 18. XFER Mobile Entry Tickets. Must have smart device on hand to enter event. Ready to ship by 3/29/2021,Electronic Transfer,8,23.00
New York Yankees vs. Baltimore Orioles,Yankee Stadium,"Mon, Apr 05 2021 6:35 PM",433,1,Ready to ship by 4/3/2021.,E-Tickets,1,27.00
New York Yankees vs. Baltimore Orioles,Yankee Stadium,"Mon, Apr 05 2021 6:35 PM",434A,1,XFER. Ready to ship by 4/3/2021,Electronic Transfer,1,27.00
New York Yankees vs. Baltimore Orioles,Yankee Stadium,"Mon, Apr 05 2021 6:35 PM",406,1,Ready to ship by 4/3/2021.,E-Tickets,1,27.00
New York Yankees vs. Baltimore Orioles,Yankee Stadium,"Mon, Apr 05 2021 6:35 PM",433,10,XFER. Ready to ship by 4/3/2021,Electronic Transfer,1,27.00
New York Yankees vs. Baltimore Orioles,Yankee Stadium,"Mon, Apr 05 2021 6:35 PM",405,1,Ready to ship by 4/3/2021.,E-Tickets,1,27.00
New York Yankees vs. Baltimore Orioles,Yankee Stadium,"Mon, Apr 05 2021 6:35 PM",434B,1,XFER. Ready to ship by 4/3/2021,Electronic Transfer,1,27.00
New York Yankees vs. Baltimore Orioles,Yankee Stadium,"Mon, Apr 05 2021 6:35 PM",202,19,XFER. Ready to ship by 4/1/2021,Electronic Transfer,2,28.00
New York Yankees vs. Baltimore Orioles,Yankee Stadium,"Mon, Apr 05 2021 6:35 PM",420B,7,Mobile Entry Tickets. Must have smart device on hand to enter event. XFER. Ready to ship by 4/4/2021,Electronic Transfer,2,30.00
New York Yankees vs. Baltimore Orioles,Yankee Stadium,"Mon, Apr 05 2021 6:35 PM",410,3,Elite Seller - Has established a reputation for speedy confirmation and on-time delivery of orders!,Electronic Transfer,8,30.00
New York Yankees vs. Baltimore Orioles,Yankee Stadium,"Mon, Apr 05 2021 6:35 PM",235,3,Ready to ship by 4/3/2021.,FedEx Delivery,2,31.00
New York Yankees vs. Baltimore Orioles,Yankee Stadium,"Mon, Apr 05 2021 6:35 PM",411,3,Elite Seller - Has established a reputation for speedy confirmation and on-time delivery of orders!,Electronic Transfer,2,31.00
New York Yankees vs. Baltimore Orioles,Yankee Stadium,"Mon, Apr 05 2021 6:35 PM",423,4,XFER. Ready to ship by 4/3/2021,Electronic Transfer,4,32.00
New York Yankees vs. Baltimore Orioles,Yankee Stadium,"Mon, Apr 05 2021 6:35 PM",328,3,Xfer MOBILE ENTRY. Scan your tickets from your phone for this event. Do not print these tickets. Ready to ship by 4/3/2021,Electronic Transfer,2,32.00
New York Yankees vs. Baltimore Orioles,Yankee Stadium,"Mon, Apr 05 2021 6:35 PM",203,11,Seats 1 - 2. XFER Mobile Entry Tickets. Must have smart device on hand to enter event. Ready to ship by 3/29/2021,Electronic Transfer,2,32.00
New York Yankees vs. Baltimore Orioles,Yankee Stadium,"Mon, Apr 05 2021 6:35 PM",411,3,Elite Seller - Has established a reputation for speedy confirmation and on-time delivery of orders!,Electronic Transfer,8,32.00
New York Yankees vs. Baltimore Orioles,Yankee Stadium,"Mon, Apr 05 2021 6:35 PM",202,20,Seats 9 - 10. XFER Mobile Entry Tickets. Must have smart device on hand to enter event. Ready to ship by 4/4/2021,Electronic Transfer,2,32.00
New York Yankees vs. Baltimore Orioles,Yankee Stadium,"Mon, Apr 05 2021 6:35 PM",423,1,Seats 24 - 25. Mobile Entry Tickets. Must have smart device on hand to enter event. Actual 1st row of section. Aisle. Audi Yankees Club Access - Food and drink NOT included. Located in left field on the SAP Suite Level  features a cocktail bar  a dining lounge and high-definition televisions... Ready to ship by 4/3/2021,Electronic Transfer,2,33.00
New York Yankees vs. Baltimore Orioles,Yankee Stadium,"Mon, Apr 05 2021 6:35 PM",235,2,Ready to ship by 4/3/2021.,FedEx Delivery,4,33.00
New York Yankees vs. Baltimore Orioles,Yankee Stadium,"Mon, Apr 05 2021 6:35 PM",202,5,XFER. Ready to ship by 4/1/2021,Electronic Transfer,8,33.00
New York Yankees vs. Baltimore Orioles,Yankee Stadium,"Mon, Apr 05 2021 6:35 PM",411,2,Elite Seller - Has established a reputation for speedy confirmation and on-time delivery of orders!,Electronic Transfer,2,33.00
New York Yankees vs. Baltimore Orioles,Yankee Stadium,"Mon, Apr 05 2021 6:35 PM",419,1,Elite Seller - Has established a reputation for speedy confirmation and on-time delivery of orders!,Electronic Transfer,2,34.00
New York Yankees vs. Baltimore Orioles,Yankee Stadium,"Mon, Apr 05 2021 6:35 PM",424,1,Seats 1 - 4. Mobile Entry Tickets. Must have smart device on hand to enter event. Actual 1st row of section. Audi Yankees Club Access - Food and drink NOT included. Located in left field on the SAP Suite Level  features a cocktail bar  a dining lounge and high-definition televisions... Ready to ship by 4/3/2021,Electronic Transfer,4,34.00
New York Yankees vs. Baltimore Orioles,Yankee Stadium,"Mon, Apr 05 2021 6:35 PM",432A,1,Elite Seller - Has established a reputation for speedy confirmation and on-time delivery of orders!,Electronic Transfer,2,34.00
New York Yankees vs. Baltimore Orioles,Yankee Stadium,"Mon, Apr 05 2021 6:35 PM",328,1,Seats 21 - 24. XFER. Ready to ship by 3/26/2021,Electronic Transfer,4,35.00
New York Yankees vs. Baltimore Orioles,Yankee Stadium,"Mon, Apr 05 2021 6:35 PM",235,1,Ready to ship by 4/3/2021.,FedEx Delivery,2,36.00
New York Yankees vs. Baltimore Orioles,Yankee Stadium,"Mon, Apr 05 2021 6:35 PM",309,1,Seats 14 - 16. XFER Mobile Entry Tickets. Must have smart device on hand to enter event. Ready to ship by 3/29/2021,Electronic Transfer,3,36.00
New York Yankees vs. Baltimore Orioles,Yankee Stadium,"Mon, Apr 05 2021 6:35 PM",431B,1,Elite Seller - Has established a reputation for speedy confirmation and on-time delivery of orders!,Electronic Transfer,2,36.00
New York Yankees vs. Baltimore Orioles,Yankee Stadium,"Mon, Apr 05 2021 6:35 PM",423,5,Elite Seller - Has established a reputation for speedy confirmation and on-time delivery of orders!,Electronic Transfer,4,37.00
New York Yankees vs. Baltimore Orioles,Yankee Stadium,"Mon, Apr 05 2021 6:35 PM",423,5,Elite Seller - Has established a reputation for speedy confirmation and on-time delivery of orders!,Electronic Transfer,8,37.00
New York Yankees vs. Baltimore Orioles,Yankee Stadium,"Mon, Apr 05 2021 6:35 PM",237,7,Elite Seller - Has established a reputation for speedy confirmation and on-time delivery of orders!,Electronic Transfer,6,37.00
New York Yankees vs. Baltimore Orioles,Yankee Stadium,"Mon, Apr 05 2021 6:35 PM",423,1,Elite Seller - Has established a reputation for speedy confirmation and on-time delivery of orders!,Electronic Transfer,2,38.00
New York Yankees vs. Baltimore Orioles,Yankee Stadium,"Mon, Apr 05 2021 6:35 PM",312,6,Mobile Entry Tickets. Must have smart device on hand to enter event. XFER. Ready to ship by 4/4/2021,Electronic Transfer,2,38.00
New York Yankees vs. Baltimore Orioles,Yankee Stadium,"Mon, Apr 05 2021 6:35 PM",425,4,Elite Seller - Has established a reputation for speedy confirmation and on-time delivery of orders!,Electronic Transfer,7,38.00
New York Yankees vs. Baltimore Orioles,Yankee Stadium,"Mon, Apr 05 2021 6:35 PM",425,4,Elite Seller - Has established a reputation for speedy confirmation and on-time delivery of orders!,Electronic Transfer,8,38.00
New York Yankees vs. Baltimore Orioles,Yankee Stadium,"Mon, Apr 05 2021 6:35 PM",424,1,Elite Seller - Has established a reputation for speedy confirmation and on-time delivery of orders!,Electronic Transfer,4,39.00
New York Yankees vs. Baltimore Orioles,Yankee Stadium,"Mon, Apr 05 2021 6:35 PM",417,1,Mobile Tickets: You will need to set up a separate account to access your tickets (instructions will be emailed). XFER. Ready to ship by 4/3/2021,Electronic Transfer,6,40.00
New York Yankees vs. Baltimore Orioles,Yankee Stadium,"Mon, Apr 05 2021 6:35 PM",417,2,XFER. Ready to ship by 4/3/2021,Electronic Transfer,4,40.00
New York Yankees vs. Baltimore Orioles,Yankee Stadium,"Mon, Apr 05 2021 6:35 PM",424,4,Elite Seller - Has established a reputation for speedy confirmation and on-time delivery of orders!,Electronic Transfer,7,40.00
New York Yankees vs. Baltimore Orioles,Yankee Stadium,"Mon, Apr 05 2021 6:35 PM",424,4,Elite Seller - Has established a reputation for speedy confirmation and on-time delivery of orders!,Electronic Transfer,7,40.00
New York Yankees vs. Baltimore Orioles,Yankee Stadium,"Mon, Apr 05 2021 6:35 PM",328,1,Seats 3 - 6. Includes access to Audi Club and Pepsi Lounge where food is available for purchase.. Ready to ship by 3/30/2021,FedEx Delivery,4,41.00
New York Yankees vs. Baltimore Orioles,Yankee Stadium,"Mon, Apr 05 2021 6:35 PM",238,3,Ready to ship by 4/2/2021.,FedEx Delivery,5,41.00
New York Yankees vs. Baltimore Orioles,Yankee Stadium,"Mon, Apr 05 2021 6:35 PM",423,4,Elite Seller - Has established a reputation for speedy confirmation and on-time delivery of orders!,Electronic Transfer,8,42.00
New York Yankees vs. Baltimore Orioles,Yankee Stadium,"Mon, Apr 05 2021 6:35 PM",237,5,Elite Seller - Has established a reputation for speedy confirmation and on-time delivery of orders!,Electronic Transfer,7,43.00
New York Yankees vs. Baltimore Orioles,Yankee Stadium,"Mon, Apr 05 2021 6:35 PM",416,3,Elite Seller - Has established a reputation for speedy confirmation and on-time delivery of orders!,Electronic Transfer,2,46.00
New York Yankees vs. Baltimore Orioles,Yankee Stadium,"Mon, Apr 05 2021 6:35 PM",228,15,Seats 9 - 12. XFER. Ready to ship by 3/26/2021,Electronic Transfer,4,47.00
New York Yankees vs. Baltimore Orioles,Yankee Stadium,"Mon, Apr 05 2021 6:35 PM",312,2,Seats 19 - 22. Includes access to Audi Club and Pepsi Lounge where food is available for purchase.. Ready to ship by 3/31/2021,FedEx Delivery,4,47.00
New York Yankees vs. Baltimore Orioles,Yankee Stadium,"Mon, Apr 05 2021 6:35 PM",328,1,Seats 15 - 20. Includes access to Audi Club and Pepsi Lounge where food is available for purchase.. Ready to ship by 3/30/2021,FedEx Delivery,6,47.00
New York Yankees vs. Baltimore Orioles,Yankee Stadium,"Mon, Apr 05 2021 6:35 PM",311,1,Seats 5 - 9. Includes access to Audi Club and Pepsi Lounge where food is available for purchase.. Ready to ship by 3/31/2021,FedEx Delivery,5,47.00
New York Yankees vs. Baltimore Orioles,Yankee Stadium,"Mon, Apr 05 2021 6:35 PM",311,1,Seats 18 - 21. Includes access to Audi Club and Pepsi Lounge where food is available for purchase.. Ready to ship by 3/31/2021,FedEx Delivery,4,47.00
New York Yankees vs. Baltimore Orioles,Yankee Stadium,"Mon, Apr 05 2021 6:35 PM",329,4,Elite Seller - Has established a reputation for speedy confirmation and on-time delivery of orders!,Electronic Transfer,8,47.00
New York Yankees vs. Baltimore Orioles,Yankee Stadium,"Mon, Apr 05 2021 6:35 PM",229,8,Seats 7 - 10. Mobile Entry Tickets. Must have smart device on hand to enter event. XFER. Ready to ship by 4/4/2021,Electronic Transfer,4,48.00
New York Yankees vs. Baltimore Orioles,Yankee Stadium,"Mon, Apr 05 2021 6:35 PM",423,3,Elite Seller - Has established a reputation for speedy confirmation and on-time delivery of orders!,Electronic Transfer,4,48.00
New York Yankees vs. Baltimore Orioles,Yankee Stadium,"Mon, Apr 05 2021 6:35 PM",228,18,Seats 5 - 15. XFER. Ready to ship by 3/26/2021,Electronic Transfer,11,48.00
New York Yankees vs. Baltimore Orioles,Yankee Stadium,"Mon, Apr 05 2021 6:35 PM",424,3,XFER Mobile Entry Tickets. Must have smart device on hand to enter event. Tickets must be bought together. Ready to ship by 3/30/2021,Electronic Transfer,2,48.00
New York Yankees vs. Baltimore Orioles,Yankee Stadium,"Mon, Apr 05 2021 6:35 PM",416,2,Elite Seller - Has established a reputation for speedy confirmation and on-time delivery of orders!,Electronic Transfer,2,49.00
New York Yankees vs. Baltimore Orioles,Yankee Stadium,"Mon, Apr 05 2021 6:35 PM",210,1,Seats 9 - 10. XFER. Ready to ship by 3/26/2021,Electronic Transfer,2,51.00
New York Yankees vs. Baltimore Orioles,Yankee Stadium,"Mon, Apr 05 2021 6:35 PM",211,11,Seats 5 - 7. Mobile Entry Tickets. Must have smart device on hand to enter event. XFER. Ready to ship by 4/4/2021,Electronic Transfer,3,51.00
New York Yankees vs. Baltimore Orioles,Yankee Stadium,"Mon, Apr 05 2021 6:35 PM",316,9,Mobile Entry Tickets. Must have smart device on hand to enter event. XFER. Ready to ship by 4/4/2021,Electronic Transfer,2,52.00
New York Yankees vs. Baltimore Orioles,Yankee Stadium,"Mon, Apr 05 2021 6:35 PM",231,8,Seats 3 - 8. XFER Mobile Entry Tickets. Must have smart device on hand to enter event. Ready to ship by 3/29/2021,Electronic Transfer,6,52.00
New York Yankees vs. Baltimore Orioles,Yankee Stadium,"Mon, Apr 05 2021 6:35 PM",326,2,Seats 21 - 25. Includes access to Audi Club and Pepsi Lounge where food is available for purchase.. Ready to ship by 3/30/2021,FedEx Delivery,5,52.00
New York Yankees vs. Baltimore Orioles,Yankee Stadium,"Mon, Apr 05 2021 6:35 PM",312,1,Seats 1 - 4. Includes access to Audi Club and Pepsi Lounge where food is available for purchase.. Ready to ship by 3/31/2021,FedEx Delivery,4,52.00
New York Yankees vs. Baltimore Orioles,Yankee Stadium,"Mon, Apr 05 2021 6:35 PM",312,1,Seats 7 - 10. Includes access to Audi Club and Pepsi Lounge where food is available for purchase.. Ready to ship by 3/31/2021,FedEx Delivery,4,52.00
New York Yankees vs. Baltimore Orioles,Yankee Stadium,"Mon, Apr 05 2021 6:35 PM",312,1,Seats 21 - 22. Includes access to Audi Club and Pepsi Lounge where food is available for purchase.. Ready to ship by 3/31/2021,FedEx Delivery,2,52.00
New York Yankees vs. Baltimore Orioles,Yankee Stadium,"Mon, Apr 05 2021 6:35 PM",210,4,Seats 7 - 8. Mobile Entry Tickets. Must have smart device on hand to enter event. XFER. Ready to ship by 4/4/2021,Electronic Transfer,2,54.00
New York Yankees vs. Baltimore Orioles,Yankee Stadium,"Mon, Apr 05 2021 6:35 PM",419,1,XFER Mobile Entry Tickets. Must have smart device on hand to enter event. Tickets must be bought together. Ready to ship by 3/30/2021,Electronic Transfer,2,55.00
New York Yankees vs. Baltimore Orioles,Yankee Stadium,"Mon, Apr 05 2021 6:35 PM",232A,3,Mobile ticket: Scan your tickets from your mobile phone for this event. Do not print these tickets. MOBILEQR. Ready to ship by 4/4/2021,E-Tickets,7,55.00
New York Yankees vs. Baltimore Orioles,Yankee Stadium,"Mon, Apr 05 2021 6:35 PM",133,10,Seats 1 - 5. XFER. Ready to ship by 3/26/2021,Electronic Transfer,5,56.00
New York Yankees vs. Baltimore Orioles,Yankee Stadium,"Mon, Apr 05 2021 6:35 PM",134,10,Seats 10 - 17. XFER. Ready to ship by 3/26/2021,Electronic Transfer,8,56.00
New York Yankees vs. Baltimore Orioles,Yankee Stadium,"Mon, Apr 05 2021 6:35 PM",210,6,Seats 13 - 16. XFER Mobile Entry Tickets. Must have smart device on hand to enter event. Ready to ship by 3/29/2021,Electronic Transfer,4,56.00
New York Yankees vs. Baltimore Orioles,Yankee Stadium,"Mon, Apr 05 2021 6:35 PM",211,7,Mobile Entry Tickets. Must have smart device on hand to enter event. XFER. Ready to ship by 4/4/2021,Electronic Transfer,2,57.00
New York Yankees vs. Baltimore Orioles,Yankee Stadium,"Mon, Apr 05 2021 6:35 PM",210,6,xfer. Ready to ship by 4/4/2021,Electronic Transfer,4,57.00
New York Yankees vs. Baltimore Orioles,Yankee Stadium,"Mon, Apr 05 2021 6:35 PM",210,7,xfer. Ready to ship by 4/4/2021,Electronic Transfer,7,57.00
New York Yankees vs. Baltimore Orioles,Yankee Stadium,"Mon, Apr 05 2021 6:35 PM",228,13,xfer. Ready to ship by 4/4/2021,Electronic Transfer,2,57.00
New York Yankees vs. Baltimore Orioles,Yankee Stadium,"Mon, Apr 05 2021 6:35 PM",211,11,xfer. Ready to ship by 4/4/2021,Electronic Transfer,10,57.00
New York Yankees vs. Baltimore Orioles,Yankee Stadium,"Mon, Apr 05 2021 6:35 PM",325,5,xfer. Ready to ship by 4/4/2021,Electronic Transfer,2,57.00
New York Yankees vs. Baltimore Orioles,Yankee Stadium,"Mon, Apr 05 2021 6:35 PM",314,2,xfer. Ready to ship by 4/4/2021,Electronic Transfer,6,57.00
New York Yankees vs. Baltimore Orioles,Yankee Stadium,"Mon, Apr 05 2021 6:35 PM",228,16,xfer. Ready to ship by 4/4/2021,Electronic Transfer,2,57.00
New York Yankees vs. Baltimore Orioles,Yankee Stadium,"Mon, Apr 05 2021 6:35 PM",314,3,xfer. Ready to ship by 4/4/2021,Electronic Transfer,10,57.00
New York Yankees vs. Baltimore Orioles,Yankee Stadium,"Mon, Apr 05 2021 6:35 PM",211,15,xfer. Ready to ship by 4/4/2021,Electronic Transfer,2,57.00
New York Yankees vs. Baltimore Orioles,Yankee Stadium,"Mon, Apr 05 2021 6:35 PM",211,15,xfer. Ready to ship by 4/4/2021,Electronic Transfer,6,57.00
New York Yankees vs. Baltimore Orioles,Yankee Stadium,"Mon, Apr 05 2021 6:35 PM",211,15,xfer. Ready to ship by 4/4/2021,Electronic Transfer,2,57.00
New York Yankees vs. Baltimore Orioles,Yankee Stadium,"Mon, Apr 05 2021 6:35 PM",228,19,xfer. Ready to ship by 4/4/2021,Electronic Transfer,4,57.00
New York Yankees vs. Baltimore Orioles,Yankee Stadium,"Mon, Apr 05 2021 6:35 PM",229,1,Seats 13 - 14. Includes access to Audi Club and Pepsi Lounge where food is available for purchase.. Ready to ship by 3/29/2021,FedEx Delivery,2,58.00
New York Yankees vs. Baltimore Orioles,Yankee Stadium,"Mon, Apr 05 2021 6:35 PM",210,2,Seats 3 - 4. Includes access to Audi Club and Pepsi Lounge where food is available for purchase.. Ready to ship by 3/29/2021,FedEx Delivery,2,58.00
New York Yankees vs. Baltimore Orioles,Yankee Stadium,"Mon, Apr 05 2021 6:35 PM",210,2,Seats 9 - 11. Includes access to Audi Club and Pepsi Lounge where food is available for purchase.. Ready to ship by 3/29/2021,FedEx Delivery,3,58.00
New York Yankees vs. Baltimore Orioles,Yankee Stadium,"Mon, Apr 05 2021 6:35 PM",326,1,Seats 9 - 12. Includes access to Audi Club and Pepsi Lounge where food is available for purchase.. Ready to ship by 3/30/2021,FedEx Delivery,4,58.00
New York Yankees vs. Baltimore Orioles,Yankee Stadium,"Mon, Apr 05 2021 6:35 PM",326,1,Seats 19 - 23. Includes access to Audi Club and Pepsi Lounge where food is available for purchase.. Ready to ship by 3/30/2021,FedEx Delivery,5,58.00
New York Yankees vs. Baltimore Orioles,Yankee Stadium,"Mon, Apr 05 2021 6:35 PM",314,2,Seats 3 - 8. Includes access to Audi Club and Pepsi Lounge where food is available for purchase.. Ready to ship by 3/30/2021,FedEx Delivery,6,58.00
New York Yankees vs. Baltimore Orioles,Yankee Stadium,"Mon, Apr 05 2021 6:35 PM",133,6,Seats 10 - 13. XFER Mobile Entry Tickets. Must have smart device on hand to enter event. Ready to ship by 3/29/2021,Electronic Transfer,4,59.00
New York Yankees vs. Baltimore Orioles,Yankee Stadium,"Mon, Apr 05 2021 6:35 PM",210,2,Mobile Tickets: You will need to set up a separate account to access your tickets (instructions will be emailed). XFER. Ready to ship by 4/4/2021,Electronic Transfer,2,59.00
New York Yankees vs. Baltimore Orioles,Yankee Stadium,"Mon, Apr 05 2021 6:35 PM",206,4,Seats 1 - 10. XFER Mobile Entry Tickets. Must have smart device on hand to enter event. Ready to ship by 3/29/2021,Electronic Transfer,10,59.00
New York Yankees vs. Baltimore Orioles,Yankee Stadium,"Mon, Apr 05 2021 6:35 PM",212,5,Xfer Mobile Entry. Scan your tickets from your mobile phone for this event. Do not print these tickets. Ready to ship by 4/1/2021,Electronic Transfer,3,60.00
New York Yankees vs. Baltimore Orioles,Yankee Stadium,"Mon, Apr 05 2021 6:35 PM",133,4,Seats 5 - 14. XFER Mobile Entry Tickets. Must have smart device on hand to enter event. Ready to ship by 3/29/2021,Electronic Transfer,10,61.00
New York Yankees vs. Baltimore Orioles,Yankee Stadium,"Mon, Apr 05 2021 6:35 PM",324,3,XFER. Ready to ship by 4/3/2021,Electronic Transfer,8,62.00
New York Yankees vs. Baltimore Orioles,Yankee Stadium,"Mon, Apr 05 2021 6:35 PM",136,2,Seats 3 - 18. XFER. Ready to ship by 3/26/2021,Electronic Transfer,16,64.00
New York Yankees vs. Baltimore Orioles,Yankee Stadium,"Mon, Apr 05 2021 6:35 PM",316,2,Seats 1 - 2. Includes access to Audi Club and Pepsi Lounge where food is available for purchase.. Ready to ship by 3/30/2021,FedEx Delivery,2,65.00
New York Yankees vs. Baltimore Orioles,Yankee Stadium,"Mon, Apr 05 2021 6:35 PM",229,4,Mobile Tickets: You will need to set up a separate account to access your tickets (instructions will be emailed). XFER. Ready to ship by 4/4/2021,Electronic Transfer,2,65.00
New York Yankees vs. Baltimore Orioles,Yankee Stadium,"Mon, Apr 05 2021 6:35 PM",318,2,Seats 1 - 8. XFER Jim Beam Suite Access. Ready to ship by 3/26/2021,Electronic Transfer,8,67.00
New York Yankees vs. Baltimore Orioles,Yankee Stadium,"Mon, Apr 05 2021 6:35 PM",320B,2,Seats 16 - 17. XFER Jim Beam Suite Access. Ready to ship by 3/26/2021,Electronic Transfer,2,69.00
New York Yankees vs. Baltimore Orioles,Yankee Stadium,"Mon, Apr 05 2021 6:35 PM",320B,3,Seats 15 - 17. XFER Jim Beam Suite Access. Ready to ship by 3/26/2021,Electronic Transfer,3,69.00
New York Yankees vs. Baltimore Orioles,Yankee Stadium,"Mon, Apr 05 2021 6:35 PM",320A,2,Seats 1 - 9. XFER Jim Beam Suite Access. Ready to ship by 3/26/2021,Electronic Transfer,9,69.00
New York Yankees vs. Baltimore Orioles,Yankee Stadium,"Mon, Apr 05 2021 6:35 PM",136,2,Seats 1 - 2. XFER Mobile Entry Tickets. Must have smart device on hand to enter event. Ready to ship by 3/29/2021,Electronic Transfer,2,69.00
New York Yankees vs. Baltimore Orioles,Yankee Stadium,"Mon, Apr 05 2021 6:35 PM",232A,1,Mobile ticket: Scan your tickets from your mobile phone for this event. Do not print these tickets. MOBILEQR. Ready to ship by 4/4/2021,E-Tickets,2,69.00
New York Yankees vs. Baltimore Orioles,Yankee Stadium,"Mon, Apr 05 2021 6:35 PM",320B,2,Seats 1 - 4. XFER Jim Beam Suite Access. Ready to ship by 3/26/2021,Electronic Transfer,4,71.00
New York Yankees vs. Baltimore Orioles,Yankee Stadium,"Mon, Apr 05 2021 6:35 PM",229,1,Seats 5 - 10. Includes access to Audi Club and Pepsi Lounge where food is available for purchase.. Ready to ship by 3/29/2021,FedEx Delivery,6,71.00
New York Yankees vs. Baltimore Orioles,Yankee Stadium,"Mon, Apr 05 2021 6:35 PM",316,2,Seats 7 - 15. Includes access to Audi Club and Pepsi Lounge where food is available for purchase.. Ready to ship by 3/30/2021,FedEx Delivery,9,71.00
New York Yankees vs. Baltimore Orioles,Yankee Stadium,"Mon, Apr 05 2021 6:35 PM",321,2,XFER. Ready to ship by 4/3/2021,Electronic Transfer,2,73.00
New York Yankees vs. Baltimore Orioles,Yankee Stadium,"Mon, Apr 05 2021 6:35 PM",227A,7,XFER. Ready to ship by 4/3/2021,Electronic Transfer,2,78.00
New York Yankees vs. Baltimore Orioles,Yankee Stadium,"Mon, Apr 05 2021 6:35 PM",227A,6,XFER. Ready to ship by 4/3/2021,Electronic Transfer,2,81.00
New York Yankees vs. Baltimore Orioles,Yankee Stadium,"Mon, Apr 05 2021 6:35 PM",112,11,Seats 1 - 2. Ready to ship by 3/30/2021.,FedEx Delivery,2,82.00
New York Yankees vs. Baltimore Orioles,Yankee Stadium,"Mon, Apr 05 2021 6:35 PM",109,7,Seats 5 - 9. Ready to ship by 3/30/2021.,FedEx Delivery,5,82.00
New York Yankees vs. Baltimore Orioles,Yankee Stadium,"Mon, Apr 05 2021 6:35 PM",128,10,Seats 13 - 16. Ready to ship by 3/30/2021.,FedEx Delivery,4,88.00
New York Yankees vs. Baltimore Orioles,Yankee Stadium,"Mon, Apr 05 2021 6:35 PM",114A,11,Elite Seller - Has established a reputation for speedy confirmation and on-time delivery of orders!,Electronic Transfer,6,92.00
New York Yankees vs. Baltimore Orioles,Yankee Stadium,"Mon, Apr 05 2021 6:35 PM",223,6,XFER. Ready to ship by 4/3/2021,Electronic Transfer,6,107.00
New York Yankees vs. Baltimore Orioles,Yankee Stadium,"Mon, Apr 05 2021 6:35 PM",217,3,Seats 9 - 10. Includes access to Audi Club and Pepsi Lounge where food is available for purchase.. Ready to ship by 3/29/2021,FedEx Delivery,2,116.00
New York Mets vs. Miami Marlins - Home Opener,Citi Field,"Thu, Apr 08 2021 1:10 PM",535,5,tmx,Electronic Transfer,12,85.00
New York Mets vs. Miami Marlins - Home Opener,Citi Field,"Thu, Apr 08 2021 1:10 PM",520,1,Seats 3 - 8. XFER MOBILE ENTRY TMX. Ready to ship by 4/7/2021,Electronic Transfer,6,113.00
New York Mets vs. Miami Marlins - Home Opener,Citi Field,"Thu, Apr 08 2021 1:10 PM",507,1,Seats 7 - 12. XFER MOBILE ENTRY TMX. Ready to ship by 4/7/2021,Electronic Transfer,6,113.00
New York Mets vs. Miami Marlins - Home Opener,Citi Field,"Thu, Apr 08 2021 1:10 PM",534,4,XFER. Ready to ship by 4/4/2021,Electronic Transfer,4,113.00
New York Mets vs. Miami Marlins - Home Opener,Citi Field,"Thu, Apr 08 2021 1:10 PM",534,10,XFER. Ready to ship by 4/4/2021,Electronic Transfer,5,113.00
New York Mets vs. Miami Marlins - Home Opener,Citi Field,"Thu, Apr 08 2021 1:10 PM",423,3,Seats 10 - 15. XFER MOBILE ENTRY TMX. Ready to ship by 4/7/2021,Electronic Transfer,6,121.00
New York Mets vs. Miami Marlins - Home Opener,Citi Field,"Thu, Apr 08 2021 1:10 PM",407,3,Seats 1 - 4. XFER MOBILE ENTRY TMX. Ready to ship by 4/7/2021,Electronic Transfer,4,130.00
New York Mets vs. Miami Marlins - Home Opener,Citi Field,"Thu, Apr 08 2021 1:10 PM",522,1,Elite Seller - Has established a reputation for speedy confirmation and on-time delivery of orders!,Electronic Transfer,6,151.00
New York Mets vs. Miami Marlins - Home Opener,Citi Field,"Thu, Apr 08 2021 1:10 PM",338,1,Seats 5 - 6. XFER MOBILE ENTRY TMX. Ready to ship by 4/7/2021,Electronic Transfer,2,155.00
New York Mets vs. Miami Marlins - Home Opener,Citi Field,"Thu, Apr 08 2021 1:10 PM",303,1,Mobile Entry Tickets. Must have smart device on hand to enter event. XFER. Ready to ship by 4/7/2021,Electronic Transfer,2,156.00
New York Mets vs. Miami Marlins - Home Opener,Citi Field,"Thu, Apr 08 2021 1:10 PM",303,1,Mobile Entry Tickets. Must have smart device on hand to enter event. XFER. Ready to ship by 4/7/2021,Electronic Transfer,4,156.00
New York Mets vs. Miami Marlins - Home Opener,Citi Field,"Thu, Apr 08 2021 1:10 PM",303,1,Mobile Entry Tickets. Must have smart device on hand to enter event. XFER. Ready to ship by 4/7/2021,Electronic Transfer,2,156.00
New York Mets vs. Miami Marlins - Home Opener,Citi Field,"Thu, Apr 08 2021 1:10 PM",304,1,Mobile Entry Tickets. Must have smart device on hand to enter event. XFER. Ready to ship by 4/7/2021,Electronic Transfer,3,156.00
New York Mets vs. Miami Marlins - Home Opener,Citi Field,"Thu, Apr 08 2021 1:10 PM",304,1,Mobile Entry Tickets. Must have smart device on hand to enter event. XFER. Ready to ship by 4/7/2021,Electronic Transfer,4,156.00
New York Mets vs. Miami Marlins - Home Opener,Citi Field,"Thu, Apr 08 2021 1:10 PM",305,1,XFER. Ready to ship by 4/1/2021,Electronic Transfer,3,156.00
New York Mets vs. Miami Marlins - Home Opener,Citi Field,"Thu, Apr 08 2021 1:10 PM",302,1,Mobile Entry Tickets. Must have smart device on hand to enter event. XFER. Ready to ship by 4/7/2021,Electronic Transfer,2,158.00
New York Mets vs. Miami Marlins - Home Opener,Citi Field,"Thu, Apr 08 2021 1:10 PM",302,1,Mobile Entry Tickets. Must have smart device on hand to enter event. XFER. Ready to ship by 4/7/2021,Electronic Transfer,2,158.00
New York Mets vs. Miami Marlins - Home Opener,Citi Field,"Thu, Apr 08 2021 1:10 PM",103,4,Mobile Entry Tickets. Must have smart device on hand to enter event. XFER. Ready to ship by 4/7/2021,Electronic Transfer,4,161.00
New York Mets vs. Miami Marlins - Home Opener,Citi Field,"Thu, Apr 08 2021 1:10 PM",518,1,Elite Seller - Has established a reputation for speedy confirmation and on-time delivery of orders!,Electronic Transfer,3,169.00
New York Mets vs. Miami Marlins - Home Opener,Citi Field,"Thu, Apr 08 2021 1:10 PM",512,17,mobileqr Mobile ticket: Scan your tickets from your mobile phone for this event. Do not print these tickets..,E-Tickets,6,169.00
New York Mets vs. Miami Marlins - Home Opener,Citi Field,"Thu, Apr 08 2021 1:10 PM",107,20,TMX XFER. Ready to ship by 4/5/2021,Electronic Transfer,3,173.00
New York Mets vs. Miami Marlins - Home Opener,Citi Field,"Thu, Apr 08 2021 1:10 PM",107,21,TMX XFER. Ready to ship by 4/5/2021,Electronic Transfer,4,173.00
New York Mets vs. Miami Marlins - Home Opener,Citi Field,"Thu, Apr 08 2021 1:10 PM",508,1,Elite Seller - Has established a reputation for speedy confirmation and on-time delivery of orders!,Electronic Transfer,9,175.00
New York Mets vs. Miami Marlins - Home Opener,Citi Field,"Thu, Apr 08 2021 1:10 PM",516,16,mobileqr Mobile ticket: Scan your tickets from your mobile phone for this event. Do not print these tickets..,E-Tickets,8,176.00
New York Mets vs. Miami Marlins - Home Opener,Citi Field,"Thu, Apr 08 2021 1:10 PM",517,1,Elite Seller - Has established a reputation for speedy confirmation and on-time delivery of orders!,Electronic Transfer,4,181.00
New York Mets vs. Miami Marlins - Home Opener,Citi Field,"Thu, Apr 08 2021 1:10 PM",403,1,Elite Seller - Has established a reputation for speedy confirmation and on-time delivery of orders!,Electronic Transfer,2,181.00
New York Mets vs. Miami Marlins - Home Opener,Citi Field,"Thu, Apr 08 2021 1:10 PM",134,G,Seats 7 - 8. XFER MOBILE ENTRY TMX. Ready to ship by 4/7/2021,Electronic Transfer,2,182.00
New York Mets vs. Miami Marlins - Home Opener,Citi Field,"Thu, Apr 08 2021 1:10 PM",128,16,TMX XFER. Ready to ship by 4/5/2021,Electronic Transfer,3,183.00
New York Mets vs. Miami Marlins - Home Opener,Citi Field,"Thu, Apr 08 2021 1:10 PM",128,17,TMX XFER. Ready to ship by 4/5/2021,Electronic Transfer,4,183.00
New York Mets vs. Miami Marlins - Home Opener,Citi Field,"Thu, Apr 08 2021 1:10 PM",509,1,Elite Seller - Has established a reputation for speedy confirmation and on-time delivery of orders!,Electronic Transfer,6,197.00
New York Mets vs. Miami Marlins - Home Opener,Citi Field,"Thu, Apr 08 2021 1:10 PM",525,15,Seats 11 - 14. Ready to ship by 4/4/2021.,FedEx Delivery,4,198.00
New York Mets vs. Miami Marlins - Home Opener,Citi Field,"Thu, Apr 08 2021 1:10 PM",525,15,Elite Seller - Has established a reputation for speedy confirmation and on-time delivery of orders!,E-Tickets,4,198.00
New York Mets vs. Miami Marlins - Home Opener,Citi Field,"Thu, Apr 08 2021 1:10 PM",311,9,Mobile Entry Tickets. Must have smart device on hand to enter event. XFER. Ready to ship by 4/7/2021,Electronic Transfer,2,199.00
New York Mets vs. Miami Marlins - Home Opener,Citi Field,"Thu, Apr 08 2021 1:10 PM",134,2,Xfer MOBILE ENTRY. Scan your tickets from your phone for this event. Do not print these tickets. Ready to ship by 4/6/2021,Electronic Transfer,2,203.00
New York Mets vs. Miami Marlins - Home Opener,Citi Field,"Thu, Apr 08 2021 1:10 PM",310,1,Mobile Entry Tickets. Must have smart device on hand to enter event. XFER. Ready to ship by 4/7/2021,Electronic Transfer,2,204.00
New York Mets vs. Miami Marlins - Home Opener,Citi Field,"Thu, Apr 08 2021 1:10 PM",126,17,TMX XFER. Ready to ship by 4/5/2021,Electronic Transfer,3,206.00
New York Mets vs. Miami Marlins - Home Opener,Citi Field,"Thu, Apr 08 2021 1:10 PM",126,18,TMX XFER. Ready to ship by 4/5/2021,Electronic Transfer,4,206.00
New York Mets vs. Miami Marlins - Home Opener,Citi Field,"Thu, Apr 08 2021 1:10 PM",327,2,Seats 13 - 16. XFER MOBILE ENTRY TMX. Ready to ship by 4/7/2021,Electronic Transfer,4,210.00
New York Mets vs. Miami Marlins - Home Opener,Citi Field,"Thu, Apr 08 2021 1:10 PM",328,2,Seats 11 - 14. XFER MOBILE ENTRY TMX. Ready to ship by 4/7/2021,Electronic Transfer,4,210.00
New York Mets vs. Miami Marlins - Home Opener,Citi Field,"Thu, Apr 08 2021 1:10 PM",125,21,TMX XFER. Ready to ship by 4/5/2021,Electronic Transfer,3,212.00
New York Mets vs. Miami Marlins - Home Opener,Citi Field,"Thu, Apr 08 2021 1:10 PM",125,22,TMX XFER. Ready to ship by 4/5/2021,Electronic Transfer,4,212.00
New York Mets vs. Miami Marlins - Home Opener,Citi Field,"Thu, Apr 08 2021 1:10 PM",109,21,TMX XFER. Ready to ship by 4/5/2021,Electronic Transfer,4,212.00
New York Mets vs. Miami Marlins - Home Opener,Citi Field,"Thu, Apr 08 2021 1:10 PM",411,1,Elite Seller - Has established a reputation for speedy confirmation and on-time delivery of orders!,Electronic Transfer,2,212.00
New York Mets vs. Miami Marlins - Home Opener,Citi Field,"Thu, Apr 08 2021 1:10 PM",110,30,Xfer MOBILE ENTRY. Scan your tickets from your phone for this event. Do not print these tickets. Ready to ship by 4/6/2021,Electronic Transfer,2,221.00
New York Mets vs. Miami Marlins - Home Opener,Citi Field,"Thu, Apr 08 2021 1:10 PM",110,21,TMX XFER. Ready to ship by 4/5/2021,Electronic Transfer,3,224.00
New York Mets vs. Miami Marlins - Home Opener,Citi Field,"Thu, Apr 08 2021 1:10 PM",110,22,TMX XFER. Ready to ship by 4/5/2021,Electronic Transfer,4,224.00
New York Mets vs. Miami Marlins - Home Opener,Citi Field,"Thu, Apr 08 2021 1:10 PM",124,30,TMX XFER. Ready to ship by 4/5/2021,Electronic Transfer,3,224.00
New York Mets vs. Miami Marlins - Home Opener,Citi Field,"Thu, Apr 08 2021 1:10 PM",124,31,TMX XFER. Ready to ship by 4/5/2021,Electronic Transfer,4,224.00
New York Mets vs. Miami Marlins - Home Opener,Citi Field,"Thu, Apr 08 2021 1:10 PM",111,31,TMX XFER. Ready to ship by 4/5/2021,Electronic Transfer,4,228.00
New York Mets vs. Miami Marlins - Home Opener,Citi Field,"Thu, Apr 08 2021 1:10 PM",125,16,Seats 5 - 15. TMX XFER. Ready to ship by 4/4/2021,Electronic Transfer,11,240.00
New York Mets vs. Miami Marlins - Home Opener,Citi Field,"Thu, Apr 08 2021 1:10 PM",411,1,Elite Seller - Has established a reputation for speedy confirmation and on-time delivery of orders!,Electronic Transfer,5,241.00
New York Mets vs. Miami Marlins - Home Opener,Citi Field,"Thu, Apr 08 2021 1:10 PM",136,2,Elite Seller - Has established a reputation for speedy confirmation and on-time delivery of orders!,Electronic Transfer,2,243.00
New York Mets vs. Miami Marlins - Home Opener,Citi Field,"Thu, Apr 08 2021 1:10 PM",312,3,Xfer MOBILE ENTRY. Scan your tickets from your phone for this event. Do not print these tickets. Ready to ship by 4/6/2021,Electronic Transfer,2,246.00
New York Mets vs. Miami Marlins - Home Opener,Citi Field,"Thu, Apr 08 2021 1:10 PM",326,2,Xfer MOBILE ENTRY. Scan your tickets from your phone for this event. Do not print these tickets. Ready to ship by 4/6/2021,Electronic Transfer,3,248.00
New York Mets vs. Miami Marlins - Home Opener,Citi Field,"Thu, Apr 08 2021 1:10 PM",110,9,Mobile Entry Tickets. Must have smart device on hand to enter event. XFER. Ready to ship by 4/7/2021,Electronic Transfer,2,251.00
New York Mets vs. Miami Marlins - Home Opener,Citi Field,"Thu, Apr 08 2021 1:10 PM",110,9,Mobile Entry Tickets. Must have smart device on hand to enter event. XFER. Ready to ship by 4/7/2021,Electronic Transfer,2,251.00
New York Mets vs. Miami Marlins - Home Opener,Citi Field,"Thu, Apr 08 2021 1:10 PM",110,9,Mobile Entry Tickets. Must have smart device on hand to enter event. XFER. Ready to ship by 4/7/2021,Electronic Transfer,2,251.00
New York Mets vs. Miami Marlins - Home Opener,Citi Field,"Thu, Apr 08 2021 1:10 PM",112,31,TMX XFER. Ready to ship by 4/5/2021,Electronic Transfer,2,257.00
New York Mets vs. Miami Marlins - Home Opener,Citi Field,"Thu, Apr 08 2021 1:10 PM",110,10,Mobile Entry Tickets. Must have smart device on hand to enter event. XFER. Ready to ship by 4/7/2021,Electronic Transfer,4,257.00
New York Mets vs. Miami Marlins - Home Opener,Citi Field,"Thu, Apr 08 2021 1:10 PM",110,7,Mobile Entry Tickets. Must have smart device on hand to enter event. XFER. Ready to ship by 4/7/2021,Electronic Transfer,2,260.00
New York Mets vs. Miami Marlins - Home Opener,Citi Field,"Thu, Apr 08 2021 1:10 PM",122,30,TMX XFER. Ready to ship by 4/5/2021,Electronic Transfer,3,273.00
New York Mets vs. Miami Marlins - Home Opener,Citi Field,"Thu, Apr 08 2021 1:10 PM",122,31,TMX XFER. Ready to ship by 4/5/2021,Electronic Transfer,4,273.00
New York Mets vs. Miami Marlins - Home Opener,Citi Field,"Thu, Apr 08 2021 1:10 PM",113,31,TMX XFER. Ready to ship by 4/5/2021,Electronic Transfer,4,285.00
New York Mets vs. Miami Marlins - Home Opener,Citi Field,"Thu, Apr 08 2021 1:10 PM",134,1,Elite Seller - Has established a reputation for speedy confirmation and on-time delivery of orders!,Electronic Transfer,2,290.00
New York Mets vs. Miami Marlins - Home Opener,Citi Field,"Thu, Apr 08 2021 1:10 PM",328,1,Elite Seller - Has established a reputation for speedy confirmation and on-time delivery of orders!,Electronic Transfer,2,291.00
New York Mets vs. Miami Marlins - Home Opener,Citi Field,"Thu, Apr 08 2021 1:10 PM",310,1,Elite Seller - Has established a reputation for speedy confirmation and on-time delivery of orders!,Electronic Transfer,4,291.00
New York Mets vs. Miami Marlins - Home Opener,Citi Field,"Thu, Apr 08 2021 1:10 PM",330,1,Elite Seller - Has established a reputation for speedy confirmation and on-time delivery of orders!,Electronic Transfer,2,291.00
New York Mets vs. Miami Marlins - Home Opener,Citi Field,"Thu, Apr 08 2021 1:10 PM",331,1,Elite Seller - Has established a reputation for speedy confirmation and on-time delivery of orders!,Electronic Transfer,2,301.00
New York Mets vs. Miami Marlins - Home Opener,Citi Field,"Thu, Apr 08 2021 1:10 PM",331,1,Elite Seller - Has established a reputation for speedy confirmation and on-time delivery of orders!,Electronic Transfer,2,301.00
New York Mets vs. Miami Marlins - Home Opener,Citi Field,"Thu, Apr 08 2021 1:10 PM",315,2,tmx,Electronic Transfer,3,304.00
New York Mets vs. Miami Marlins - Home Opener,Citi Field,"Thu, Apr 08 2021 1:10 PM",122,23,Seats 3 - 10. XFER MOBILE ENTRY TMX. Ready to ship by 4/7/2021,Electronic Transfer,8,313.00
New York Mets vs. Miami Marlins - Home Opener,Citi Field,"Thu, Apr 08 2021 1:10 PM",113,24,Seats 7 - 14. XFER MOBILE ENTRY TMX. Ready to ship by 4/7/2021,Electronic Transfer,8,316.00
New York Mets vs. Miami Marlins - Home Opener,Citi Field,"Thu, Apr 08 2021 1:10 PM",134,G,Elite Seller - Has established a reputation for speedy confirmation and on-time delivery of orders!,Electronic Transfer,3,319.00
New York Mets vs. Miami Marlins - Home Opener,Citi Field,"Thu, Apr 08 2021 1:10 PM",307,1,Elite Seller - Has established a reputation for speedy confirmation and on-time delivery of orders!,Electronic Transfer,2,319.00
New York Mets vs. Miami Marlins - Home Opener,Citi Field,"Thu, Apr 08 2021 1:10 PM",308,1,Elite Seller - Has established a reputation for speedy confirmation and on-time delivery of orders!,Electronic Transfer,6,332.00
New York Mets vs. Miami Marlins - Home Opener,Citi Field,"Thu, Apr 08 2021 1:10 PM",134,D,Elite Seller - Has established a reputation for speedy confirmation and on-time delivery of orders!,Electronic Transfer,3,337.00
New York Mets vs. Miami Marlins - Home Opener,Citi Field,"Thu, Apr 08 2021 1:10 PM",121,20,TMX XFER. Ready to ship by 4/5/2021,Electronic Transfer,3,352.00
New York Mets vs. Miami Marlins - Home Opener,Citi Field,"Thu, Apr 08 2021 1:10 PM",121,21,TMX XFER. Ready to ship by 4/5/2021,Electronic Transfer,4,352.00
New York Mets vs. Miami Marlins - Home Opener,Citi Field,"Thu, Apr 08 2021 1:10 PM",122,20,TMX XFER. Ready to ship by 4/5/2021,Electronic Transfer,3,363.00
New York Mets vs. Miami Marlins - Home Opener,Citi Field,"Thu, Apr 08 2021 1:10 PM",122,21,TMX XFER. Ready to ship by 4/5/2021,Electronic Transfer,4,363.00
New York Mets vs. Miami Marlins - Home Opener,Citi Field,"Thu, Apr 08 2021 1:10 PM",125,9,Elite Seller - Has established a reputation for speedy confirmation and on-time delivery of orders!,Electronic Transfer,2,371.00
New York Mets vs. Miami Marlins - Home Opener,Citi Field,"Thu, Apr 08 2021 1:10 PM",114,20,TMX XFER. Ready to ship by 4/5/2021,Electronic Transfer,3,375.00
New York Mets vs. Miami Marlins - Home Opener,Citi Field,"Thu, Apr 08 2021 1:10 PM",114,21,TMX XFER. Ready to ship by 4/5/2021,Electronic Transfer,4,375.00
New York Mets vs. Miami Marlins - Home Opener,Citi Field,"Thu, Apr 08 2021 1:10 PM",113,17,TMX XFER. Ready to ship by 4/5/2021,Electronic Transfer,3,375.00
New York Mets vs. Miami Marlins - Home Opener,Citi Field,"Thu, Apr 08 2021 1:10 PM",113,18,TMX XFER. Ready to ship by 4/5/2021,Electronic Transfer,4,375.00
New York Mets vs. Miami Marlins - Home Opener,Citi Field,"Thu, Apr 08 2021 1:10 PM",123,12,TMX XFER. Ready to ship by 4/5/2021,Electronic Transfer,2,391.00
New York Mets vs. Miami Marlins - Home Opener,Citi Field,"Thu, Apr 08 2021 1:10 PM",19,15,TMX XFER. Ready to ship by 4/5/2021,Electronic Transfer,2,403.00
New York Mets vs. Miami Marlins - Home Opener,Citi Field,"Thu, Apr 08 2021 1:10 PM",315,1,Elite Seller - Has established a reputation for speedy confirmation and on-time delivery of orders!,Electronic Transfer,4,410.00
New York Mets vs. Miami Marlins - Home Opener,Citi Field,"Thu, Apr 08 2021 1:10 PM",18,19,TMX XFER. Ready to ship by 4/5/2021,Electronic Transfer,2,413.00
New York Mets vs. Miami Marlins - Home Opener,Citi Field,"Thu, Apr 08 2021 1:10 PM",126,E,Elite Seller - Has established a reputation for speedy confirmation and on-time delivery of orders!,Electronic Transfer,6,422.00
New York Mets vs. Miami Marlins - Home Opener,Citi Field,"Thu, Apr 08 2021 1:10 PM",12,19,TMX XFER. Ready to ship by 4/5/2021,Electronic Transfer,2,430.00
New York Mets vs. Miami Marlins - Home Opener,Citi Field,"Thu, Apr 08 2021 1:10 PM",122,13,Elite Seller - Has established a reputation for speedy confirmation and on-time delivery of orders!,Electronic Transfer,4,446.00
New York Mets vs. Miami Marlins - Home Opener,Citi Field,"Thu, Apr 08 2021 1:10 PM",125,7,Elite Seller - Has established a reputation for speedy confirmation and on-time delivery of orders!,Electronic Transfer,6,446.00
New York Mets vs. Miami Marlins - Home Opener,Citi Field,"Thu, Apr 08 2021 1:10 PM",13,19,TMX XFER. Ready to ship by 4/5/2021,Electronic Transfer,2,452.00
New York Mets vs. Miami Marlins - Home Opener,Citi Field,"Thu, Apr 08 2021 1:10 PM",17,19,TMX XFER. Ready to ship by 4/5/2021,Electronic Transfer,2,452.00
New York Mets vs. Miami Marlins - Home Opener,Citi Field,"Thu, Apr 08 2021 1:10 PM",123,7,Elite Seller - Has established a reputation for speedy confirmation and on-time delivery of orders!,Electronic Transfer,4,469.00
New York Mets vs. Miami Marlins - Home Opener,Citi Field,"Thu, Apr 08 2021 1:10 PM",14,20,TMX XFER. Ready to ship by 4/5/2021,Electronic Transfer,2,481.00
New York Mets vs. Miami Marlins - Home Opener,Citi Field,"Thu, Apr 08 2021 1:10 PM",16,20,TMX XFER. Ready to ship by 4/5/2021,Electronic Transfer,2,481.00
New York Mets vs. Miami Marlins - Home Opener,Citi Field,"Thu, Apr 08 2021 1:10 PM",122,3,Elite Seller - Has established a reputation for speedy confirmation and on-time delivery of orders!,Electronic Transfer,6,565.00
New York Mets vs. Miami Marlins - Home Opener,Citi Field,"Thu, Apr 08 2021 1:10 PM",114,4,Elite Seller - Has established a reputation for speedy confirmation and on-time delivery of orders!,Electronic Transfer,4,672.00
New York Mets vs. Miami Marlins - Home Opener,Citi Field,"Thu, Apr 08 2021 1:10 PM",135,6,Ready to ship by 4/5/2021.,E-Tickets,4,11959.00
New York Mets vs. Miami Marlins - Home Opener,Citi Field,"Thu, Apr 08 2021 1:10 PM",102,8,Ready to ship by 4/5/2021.,E-Tickets,2,11959.00
New York Mets vs. Miami Marlins - Home Opener,Citi Field,"Thu, Apr 08 2021 1:10 PM",515,5,Ready to ship by 4/5/2021.,E-Tickets,4,11959.00
New York Mets vs. Miami Marlins - Home Opener,Citi Field,"Thu, Apr 08 2021 1:10 PM",513,5,Ready to ship by 4/5/2021.,E-Tickets,6,11959.00
"The Stadium Tour: Motley Crue, Def Leppard, Poison & Joan Jett and The Blackhearts",Busch Stadium,"Tue, Jul 06 2021 4:30 PM",434,10,Seats 1 - 2. Seats 1-2. TMX XFER MOBILE ENTRY. Ready to ship by 7/2/2021,Electronic Transfer,2,127.00
"The Stadium Tour: Motley Crue, Def Leppard, Poison & Joan Jett and The Blackhearts",Busch Stadium,"Tue, Jul 06 2021 4:30 PM",361,4,Seats 3 - 6. Mobile Entry Tickets. Must have smart device on hand to enter event.,Electronic Transfer,4,134.00
"The Stadium Tour: Motley Crue, Def Leppard, Poison & Joan Jett and The Blackhearts",Busch Stadium,"Tue, Jul 06 2021 4:30 PM",432,2,XFER. Mobile Tickets: You will need to set up a separate account to access your tickets (instructions will be emailed).,Electronic Transfer,3,141.00
"The Stadium Tour: Motley Crue, Def Leppard, Poison & Joan Jett and The Blackhearts",Busch Stadium,"Tue, Jul 06 2021 4:30 PM",365,14,Seats 15 - 18. TMX XFER MOBILE ENTRY. Ready to ship by 7/2/2021,Electronic Transfer,4,142.00
"The Stadium Tour: Motley Crue, Def Leppard, Poison & Joan Jett and The Blackhearts",Busch Stadium,"Tue, Jul 06 2021 4:30 PM",365,13,XFER,Electronic Transfer,2,143.00
"The Stadium Tour: Motley Crue, Def Leppard, Poison & Joan Jett and The Blackhearts",Busch Stadium,"Tue, Jul 06 2021 4:30 PM",356,2,Seats 19 - 20. XFER. Ready to ship by 7/2/2021,Electronic Transfer,2,144.00
"The Stadium Tour: Motley Crue, Def Leppard, Poison & Joan Jett and The Blackhearts",Busch Stadium,"Tue, Jul 06 2021 4:30 PM",357,2,Seats 3 - 4. XFER. Ready to ship by 7/2/2021,Electronic Transfer,2,145.00
"The Stadium Tour: Motley Crue, Def Leppard, Poison & Joan Jett and The Blackhearts",Busch Stadium,"Tue, Jul 06 2021 4:30 PM",332,9,MOBILE ENTRY. Scan your tickets from your phone for this event. Do not print these tickets. MOBILE QR,E-Tickets,2,146.00
"The Stadium Tour: Motley Crue, Def Leppard, Poison & Joan Jett and The Blackhearts",Busch Stadium,"Tue, Jul 06 2021 4:30 PM",342,8,Seats 10 - 12. XFER. Ready to ship by 7/4/2021,Electronic Transfer,3,146.00
"The Stadium Tour: Motley Crue, Def Leppard, Poison & Joan Jett and The Blackhearts",Busch Stadium,"Tue, Jul 06 2021 4:30 PM",340,4,Seats 1 - 4. Seats 1-4. TMX XFER MOBILE ENTRY. Ready to ship by 7/2/2021,Electronic Transfer,4,148.00
"The Stadium Tour: Motley Crue, Def Leppard, Poison & Joan Jett and The Blackhearts",Busch Stadium,"Tue, Jul 06 2021 4:30 PM",341,3,Seats 3 - 4. Seats 3-4. TMX XFER MOBILE ENTRY. Ready to ship by 7/2/2021,Electronic Transfer,2,149.00
"The Stadium Tour: Motley Crue, Def Leppard, Poison & Joan Jett and The Blackhearts",Busch Stadium,"Tue, Jul 06 2021 4:30 PM",365,13,Mobile Entry Tickets. Must have smart device on hand to enter event. Do not print these tickets.,Electronic Transfer,2,151.00
"The Stadium Tour: Motley Crue, Def Leppard, Poison & Joan Jett and The Blackhearts",Busch Stadium,"Tue, Jul 06 2021 4:30 PM",340,6,Elite Seller - Has established a reputation for speedy confirmation and on-time delivery of orders!,Electronic Transfer,4,152.00
"The Stadium Tour: Motley Crue, Def Leppard, Poison & Joan Jett and The Blackhearts",Busch Stadium,"Tue, Jul 06 2021 4:30 PM",367,4,Elite Seller - Has established a reputation for speedy confirmation and on-time delivery of orders!,FedEx Delivery,2,153.00
"The Stadium Tour: Motley Crue, Def Leppard, Poison & Joan Jett and The Blackhearts",Busch Stadium,"Tue, Jul 06 2021 4:30 PM",261,5,Mobile Tickets: You will need to set up a separate account to access your tickets (instructions will be emailed).,Electronic Transfer,1,154.00
"The Stadium Tour: Motley Crue, Def Leppard, Poison & Joan Jett and The Blackhearts",Busch Stadium,"Tue, Jul 06 2021 4:30 PM",340,1,Seats 13 - 15. Ready to ship by 7/4/2021.,FedEx Delivery,3,154.00
"The Stadium Tour: Motley Crue, Def Leppard, Poison & Joan Jett and The Blackhearts",Busch Stadium,"Tue, Jul 06 2021 4:30 PM",361,4,Elite Seller - Has established a reputation for speedy confirmation and on-time delivery of orders!,Electronic Transfer,4,155.00
"The Stadium Tour: Motley Crue, Def Leppard, Poison & Joan Jett and The Blackhearts",Busch Stadium,"Tue, Jul 06 2021 4:30 PM",363,11,tmx,Electronic Transfer,2,155.00
"The Stadium Tour: Motley Crue, Def Leppard, Poison & Joan Jett and The Blackhearts",Busch Stadium,"Tue, Jul 06 2021 4:30 PM",358,1,Seats 1 - 8. Ready to ship by 7/4/2021.,FedEx Delivery,8,158.00
"The Stadium Tour: Motley Crue, Def Leppard, Poison & Joan Jett and The Blackhearts",Busch Stadium,"Tue, Jul 06 2021 4:30 PM",340,3,Elite Seller - Has established a reputation for speedy confirmation and on-time delivery of orders!,FedEx Delivery,2,158.00
"The Stadium Tour: Motley Crue, Def Leppard, Poison & Joan Jett and The Blackhearts",Busch Stadium,"Tue, Jul 06 2021 4:30 PM",359,4,Seats 15 - 20. ,FedEx Delivery,6,163.00
"The Stadium Tour: Motley Crue, Def Leppard, Poison & Joan Jett and The Blackhearts",Busch Stadium,"Tue, Jul 06 2021 4:30 PM",333,3,MOBILE ENTRY. Scan your tickets from your phone for this event. Do not print these tickets. MOBILE QR,E-Tickets,2,164.00
"The Stadium Tour: Motley Crue, Def Leppard, Poison & Joan Jett and The Blackhearts",Busch Stadium,"Tue, Jul 06 2021 4:30 PM",333,8,Seats 13 - 14. Seats 13-14. TMX XFER MOBILE ENTRY. Ready to ship by 7/2/2021,Electronic Transfer,2,164.00
"The Stadium Tour: Motley Crue, Def Leppard, Poison & Joan Jett and The Blackhearts",Busch Stadium,"Tue, Jul 06 2021 4:30 PM",340,2,Elite Seller - Has established a reputation for speedy confirmation and on-time delivery of orders!,FedEx Delivery,4,164.00
"The Stadium Tour: Motley Crue, Def Leppard, Poison & Joan Jett and The Blackhearts",Busch Stadium,"Tue, Jul 06 2021 4:30 PM",140,13,Seats 5 - 7. XFER. Ready to ship by 7/2/2021,Electronic Transfer,3,168.00
"The Stadium Tour: Motley Crue, Def Leppard, Poison & Joan Jett and The Blackhearts",Busch Stadium,"Tue, Jul 06 2021 4:30 PM",365,6,Mobile XFER. Ready to ship by 7/4/2021,Electronic Transfer,1,168.00
"The Stadium Tour: Motley Crue, Def Leppard, Poison & Joan Jett and The Blackhearts",Busch Stadium,"Tue, Jul 06 2021 4:30 PM",233,6,Elite Seller - Has established a reputation for speedy confirmation and on-time delivery of orders!,Electronic Transfer,2,169.00
"The Stadium Tour: Motley Crue, Def Leppard, Poison & Joan Jett and The Blackhearts",Busch Stadium,"Tue, Jul 06 2021 4:30 PM",333,5,Seats 12 - 13. Seats 12-13. TMX XFER MOBILE ENTRY. Ready to ship by 7/2/2021,Electronic Transfer,2,169.00
"The Stadium Tour: Motley Crue, Def Leppard, Poison & Joan Jett and The Blackhearts",Busch Stadium,"Tue, Jul 06 2021 4:30 PM",160,13,Mobile Tickets: You will need to set up a separate account to access your tickets (instructions will be emailed).,Electronic Transfer,2,171.00
"The Stadium Tour: Motley Crue, Def Leppard, Poison & Joan Jett and The Blackhearts",Busch Stadium,"Tue, Jul 06 2021 4:30 PM",265,6,Seats 5 - 8. Seats 5-8. Mobile Entry Tickets. Must have smart device on hand to enter event. Mobile XFER,Electronic Transfer,4,173.00
"The Stadium Tour: Motley Crue, Def Leppard, Poison & Joan Jett and The Blackhearts",Busch Stadium,"Tue, Jul 06 2021 4:30 PM",244,2,xfer,Electronic Transfer,2,174.00
"The Stadium Tour: Motley Crue, Def Leppard, Poison & Joan Jett and The Blackhearts",Busch Stadium,"Tue, Jul 06 2021 4:30 PM",233,5,Elite Seller - Has established a reputation for speedy confirmation and on-time delivery of orders!,Electronic Transfer,2,176.00
"The Stadium Tour: Motley Crue, Def Leppard, Poison & Joan Jett and The Blackhearts",Busch Stadium,"Tue, Jul 06 2021 4:30 PM",261,13,Mobile XFER. Ready to ship by 7/4/2021,Electronic Transfer,2,179.00
"The Stadium Tour: Motley Crue, Def Leppard, Poison & Joan Jett and The Blackhearts",Busch Stadium,"Tue, Jul 06 2021 4:30 PM",232,4,Elite Seller - Has established a reputation for speedy confirmation and on-time delivery of orders!,Electronic Transfer,2,181.00
"The Stadium Tour: Motley Crue, Def Leppard, Poison & Joan Jett and The Blackhearts",Busch Stadium,"Tue, Jul 06 2021 4:30 PM",232,5,Elite Seller - Has established a reputation for speedy confirmation and on-time delivery of orders!,Electronic Transfer,4,181.00
"The Stadium Tour: Motley Crue, Def Leppard, Poison & Joan Jett and The Blackhearts",Busch Stadium,"Tue, Jul 06 2021 4:30 PM",158,23,XFER,Electronic Transfer,2,181.00
"The Stadium Tour: Motley Crue, Def Leppard, Poison & Joan Jett and The Blackhearts",Busch Stadium,"Tue, Jul 06 2021 4:30 PM",334,6,MOBILE ENTRY. Scan your tickets from your phone for this event. Do not print these tickets. MOBILE QR,E-Tickets,2,181.00
"The Stadium Tour: Motley Crue, Def Leppard, Poison & Joan Jett and The Blackhearts",Busch Stadium,"Tue, Jul 06 2021 4:30 PM",143,21.,Mobile XFER. Ready to ship by 6/29/2021,Electronic Transfer,2,182.00
"The Stadium Tour: Motley Crue, Def Leppard, Poison & Joan Jett and The Blackhearts",Busch Stadium,"Tue, Jul 06 2021 4:30 PM",365,3,Elite Seller - Has established a reputation for speedy confirmation and on-time delivery of orders!,Electronic Transfer,6,182.00
"The Stadium Tour: Motley Crue, Def Leppard, Poison & Joan Jett and The Blackhearts",Busch Stadium,"Tue, Jul 06 2021 4:30 PM",263,13,Seats 1 - 2. Seats 1-2. TMX XFER MOBILE ENTRY. Ready to ship by 7/2/2021,Electronic Transfer,2,184.00
"The Stadium Tour: Motley Crue, Def Leppard, Poison & Joan Jett and The Blackhearts",Busch Stadium,"Tue, Jul 06 2021 4:30 PM",332,9,MOBILE ENTRY. Scan your tickets from your phone for this event. Do not print these tickets. MOBILE QR,E-Tickets,4,185.00
"The Stadium Tour: Motley Crue, Def Leppard, Poison & Joan Jett and The Blackhearts",Busch Stadium,"Tue, Jul 06 2021 4:30 PM",233,8,Elite Seller - Has established a reputation for speedy confirmation and on-time delivery of orders!,Electronic Transfer,3,186.00
"The Stadium Tour: Motley Crue, Def Leppard, Poison & Joan Jett and The Blackhearts",Busch Stadium,"Tue, Jul 06 2021 4:30 PM",143,6,Seats 5 - 6. Seats 5-6. TMX XFER MOBILE ENTRY. Ready to ship by 7/2/2021,Electronic Transfer,2,186.00
"The Stadium Tour: Motley Crue, Def Leppard, Poison & Joan Jett and The Blackhearts",Busch Stadium,"Tue, Jul 06 2021 4:30 PM",263,11,Seats 23 - 24. Seats 23-24. TMX XFER MOBILE ENTRY. Ready to ship by 7/2/2021,Electronic Transfer,2,186.00
"The Stadium Tour: Motley Crue, Def Leppard, Poison & Joan Jett and The Blackhearts",Busch Stadium,"Tue, Jul 06 2021 4:30 PM",239,9,Seats 21 - 22. Seats 21-22. TMX XFER MOBILE ENTRY. Ready to ship by 7/2/2021,Electronic Transfer,2,186.00
"The Stadium Tour: Motley Crue, Def Leppard, Poison & Joan Jett and The Blackhearts",Busch Stadium,"Tue, Jul 06 2021 4:30 PM",156,22,Mobile Tickets: You will need to set up a separate account to access your tickets (instructions will be emailed).,Electronic Transfer,4,186.00
"The Stadium Tour: Motley Crue, Def Leppard, Poison & Joan Jett and The Blackhearts",Busch Stadium,"Tue, Jul 06 2021 4:30 PM",235,9,Elite Seller - Has established a reputation for speedy confirmation and on-time delivery of orders!,Electronic Transfer,3,187.00
"The Stadium Tour: Motley Crue, Def Leppard, Poison & Joan Jett and The Blackhearts",Busch Stadium,"Tue, Jul 06 2021 4:30 PM",157,7,Elite Seller - Has established a reputation for speedy confirmation and on-time delivery of orders!,FedEx Delivery,1,187.00
"The Stadium Tour: Motley Crue, Def Leppard, Poison & Joan Jett and The Blackhearts",Busch Stadium,"Tue, Jul 06 2021 4:30 PM",240,13,Elite Seller - Has established a reputation for speedy confirmation and on-time delivery of orders!,Electronic Transfer,2,187.00
"The Stadium Tour: Motley Crue, Def Leppard, Poison & Joan Jett and The Blackhearts",Busch Stadium,"Tue, Jul 06 2021 4:30 PM",147,12,xfer,Electronic Transfer,2,187.00
"The Stadium Tour: Motley Crue, Def Leppard, Poison & Joan Jett and The Blackhearts",Busch Stadium,"Tue, Jul 06 2021 4:30 PM",265,4,Elite Seller - Has established a reputation for speedy confirmation and on-time delivery of orders!,Electronic Transfer,6,189.00
"The Stadium Tour: Motley Crue, Def Leppard, Poison & Joan Jett and The Blackhearts",Busch Stadium,"Tue, Jul 06 2021 4:30 PM",263,13,Elite Seller - Has established a reputation for speedy confirmation and on-time delivery of orders!,Electronic Transfer,4,189.00
"The Stadium Tour: Motley Crue, Def Leppard, Poison & Joan Jett and The Blackhearts",Busch Stadium,"Tue, Jul 06 2021 4:30 PM",263,13,Elite Seller - Has established a reputation for speedy confirmation and on-time delivery of orders!,Electronic Transfer,4,189.00
"The Stadium Tour: Motley Crue, Def Leppard, Poison & Joan Jett and The Blackhearts",Busch Stadium,"Tue, Jul 06 2021 4:30 PM",363,7,Mobile Entry Tickets. Must have smart device on hand to enter event.. Ready to ship by 7/3/2021,Electronic Transfer,3,189.00
"The Stadium Tour: Motley Crue, Def Leppard, Poison & Joan Jett and The Blackhearts",Busch Stadium,"Tue, Jul 06 2021 4:30 PM",267,11,Seats 1 - 2. Seats 1-2. TMX XFER MOBILE ENTRY. Ready to ship by 7/2/2021,Electronic Transfer,2,190.00
"The Stadium Tour: Motley Crue, Def Leppard, Poison & Joan Jett and The Blackhearts",Busch Stadium,"Tue, Jul 06 2021 4:30 PM",A1,14,Elite Seller - Has established a reputation for speedy confirmation and on-time delivery of orders!,FedEx Delivery,1,191.00
"The Stadium Tour: Motley Crue, Def Leppard, Poison & Joan Jett and The Blackhearts",Busch Stadium,"Tue, Jul 06 2021 4:30 PM",363,3,MOBILE ENTRY. Scan your tickets from your phone for this event. Do not print these tickets. MOBILE QR,E-Tickets,4,191.00
"The Stadium Tour: Motley Crue, Def Leppard, Poison & Joan Jett and The Blackhearts",Busch Stadium,"Tue, Jul 06 2021 4:30 PM",267,10,Seats 1 - 2. Seats 1-2. TMX XFER MOBILE ENTRY. Ready to ship by 7/2/2021,Electronic Transfer,2,192.00
"The Stadium Tour: Motley Crue, Def Leppard, Poison & Joan Jett and The Blackhearts",Busch Stadium,"Tue, Jul 06 2021 4:30 PM",265,12,Seats 21 - 24. Seats 21-24. TMX XFER MOBILE ENTRY. Ready to ship by 7/2/2021,Electronic Transfer,4,192.00
"The Stadium Tour: Motley Crue, Def Leppard, Poison & Joan Jett and The Blackhearts",Busch Stadium,"Tue, Jul 06 2021 4:30 PM",158,23,Mobile Entry Tickets. Must have smart device on hand to enter event. Do not print these tickets.,Electronic Transfer,2,192.00
"The Stadium Tour: Motley Crue, Def Leppard, Poison & Joan Jett and The Blackhearts",Busch Stadium,"Tue, Jul 06 2021 4:30 PM",267,6,Elite Seller - Has established a reputation for speedy confirmation and on-time delivery of orders!,Electronic Transfer,2,194.00
"The Stadium Tour: Motley Crue, Def Leppard, Poison & Joan Jett and The Blackhearts",Busch Stadium,"Tue, Jul 06 2021 4:30 PM",265,3,Elite Seller - Has established a reputation for speedy confirmation and on-time delivery of orders!,Electronic Transfer,4,194.00
"The Stadium Tour: Motley Crue, Def Leppard, Poison & Joan Jett and The Blackhearts",Busch Stadium,"Tue, Jul 06 2021 4:30 PM",261,9,Mobile XFER. Ready to ship by 7/4/2021,Electronic Transfer,1,194.00
"The Stadium Tour: Motley Crue, Def Leppard, Poison & Joan Jett and The Blackhearts",Busch Stadium,"Tue, Jul 06 2021 4:30 PM",144,13,xfer,Electronic Transfer,2,194.00
"The Stadium Tour: Motley Crue, Def Leppard, Poison & Joan Jett and The Blackhearts",Busch Stadium,"Tue, Jul 06 2021 4:30 PM",156,13,Elite Seller - Has established a reputation for speedy confirmation and on-time delivery of orders!,Electronic Transfer,2,194.00
"The Stadium Tour: Motley Crue, Def Leppard, Poison & Joan Jett and The Blackhearts",Busch Stadium,"Tue, Jul 06 2021 4:30 PM",263,6,Seats 21 - 22. Seats 21-22. TMX XFER MOBILE ENTRY. Ready to ship by 7/2/2021,Electronic Transfer,2,197.00
"The Stadium Tour: Motley Crue, Def Leppard, Poison & Joan Jett and The Blackhearts",Busch Stadium,"Tue, Jul 06 2021 4:30 PM",267,7,Elite Seller - Has established a reputation for speedy confirmation and on-time delivery of orders!,Electronic Transfer,2,198.00
"The Stadium Tour: Motley Crue, Def Leppard, Poison & Joan Jett and The Blackhearts",Busch Stadium,"Tue, Jul 06 2021 4:30 PM",144,6,Elite Seller - Has established a reputation for speedy confirmation and on-time delivery of orders!,Electronic Transfer,2,198.00
"The Stadium Tour: Motley Crue, Def Leppard, Poison & Joan Jett and The Blackhearts",Busch Stadium,"Tue, Jul 06 2021 4:30 PM",261,8,Mobile XFER. Ready to ship by 7/4/2021,Electronic Transfer,1,198.00
"The Stadium Tour: Motley Crue, Def Leppard, Poison & Joan Jett and The Blackhearts",Busch Stadium,"Tue, Jul 06 2021 4:30 PM",232,1,Elite Seller - Has established a reputation for speedy confirmation and on-time delivery of orders!,Electronic Transfer,4,201.00
"The Stadium Tour: Motley Crue, Def Leppard, Poison & Joan Jett and The Blackhearts",Busch Stadium,"Tue, Jul 06 2021 4:30 PM",265,5,XFER Mobile Entry Tickets. Must have smart device on hand to enter event. Do not print these tickets.,Electronic Transfer,6,201.00
"The Stadium Tour: Motley Crue, Def Leppard, Poison & Joan Jett and The Blackhearts",Busch Stadium,"Tue, Jul 06 2021 4:30 PM",232,8,XFER Mobile Entry Tickets. Must have smart device on hand to enter event. Do not print these tickets.,Electronic Transfer,2,202.00
"The Stadium Tour: Motley Crue, Def Leppard, Poison & Joan Jett and The Blackhearts",Busch Stadium,"Tue, Jul 06 2021 4:30 PM",267,4,Seats 23 - 24. Seats 23-24. TMX XFER MOBILE ENTRY. Ready to ship by 7/2/2021,Electronic Transfer,2,203.00
"The Stadium Tour: Motley Crue, Def Leppard, Poison & Joan Jett and The Blackhearts",Busch Stadium,"Tue, Jul 06 2021 4:30 PM",233,9,XFER Mobile Entry Tickets. Must have smart device on hand to enter event. Do not print these tickets.,Electronic Transfer,2,203.00
"The Stadium Tour: Motley Crue, Def Leppard, Poison & Joan Jett and The Blackhearts",Busch Stadium,"Tue, Jul 06 2021 4:30 PM",158,6,XFER,Electronic Transfer,4,204.00
"The Stadium Tour: Motley Crue, Def Leppard, Poison & Joan Jett and The Blackhearts",Busch Stadium,"Tue, Jul 06 2021 4:30 PM",158,9,XFER,Electronic Transfer,2,204.00
"The Stadium Tour: Motley Crue, Def Leppard, Poison & Joan Jett and The Blackhearts",Busch Stadium,"Tue, Jul 06 2021 4:30 PM",143,4,Xfer MOBILE ENTRY. Scan your tickets from your phone for this event. Do not print these tickets. Ready to ship by 7/4/2021,Electronic Transfer,2,207.00
"The Stadium Tour: Motley Crue, Def Leppard, Poison & Joan Jett and The Blackhearts",Busch Stadium,"Tue, Jul 06 2021 4:30 PM",142,19,Elite Seller - Has established a reputation for speedy confirmation and on-time delivery of orders!,Electronic Transfer,8,208.00
"The Stadium Tour: Motley Crue, Def Leppard, Poison & Joan Jett and The Blackhearts",Busch Stadium,"Tue, Jul 06 2021 4:30 PM",141,15,Elite Seller - Has established a reputation for speedy confirmation and on-time delivery of orders!,FedEx Delivery,2,210.00
"The Stadium Tour: Motley Crue, Def Leppard, Poison & Joan Jett and The Blackhearts",Busch Stadium,"Tue, Jul 06 2021 4:30 PM",235,3,Elite Seller - Has established a reputation for speedy confirmation and on-time delivery of orders!,Electronic Transfer,8,212.00
"The Stadium Tour: Motley Crue, Def Leppard, Poison & Joan Jett and The Blackhearts",Busch Stadium,"Tue, Jul 06 2021 4:30 PM",141,16,Seats 1 - 8. ,FedEx Delivery,8,214.00
"The Stadium Tour: Motley Crue, Def Leppard, Poison & Joan Jett and The Blackhearts",Busch Stadium,"Tue, Jul 06 2021 4:30 PM",134,26,Elite Seller - Has established a reputation for speedy confirmation and on-time delivery of orders!,Electronic Transfer,4,215.00
"The Stadium Tour: Motley Crue, Def Leppard, Poison & Joan Jett and The Blackhearts",Busch Stadium,"Tue, Jul 06 2021 4:30 PM",232,1,XFER Mobile Entry Tickets. Must have smart device on hand to enter event. Do not print these tickets.,Electronic Transfer,2,216.00
"The Stadium Tour: Motley Crue, Def Leppard, Poison & Joan Jett and The Blackhearts",Busch Stadium,"Tue, Jul 06 2021 4:30 PM",158,9,Mobile Entry Tickets. Must have smart device on hand to enter event. Do not print these tickets.,Electronic Transfer,2,216.00
"The Stadium Tour: Motley Crue, Def Leppard, Poison & Joan Jett and The Blackhearts",Busch Stadium,"Tue, Jul 06 2021 4:30 PM",160,11,Elite Seller - Has established a reputation for speedy confirmation and on-time delivery of orders!,Electronic Transfer,4,217.00
"The Stadium Tour: Motley Crue, Def Leppard, Poison & Joan Jett and The Blackhearts",Busch Stadium,"Tue, Jul 06 2021 4:30 PM",A7,17,Seats 27 - 28. Seats 27-28. ,FedEx Delivery,2,219.00
"The Stadium Tour: Motley Crue, Def Leppard, Poison & Joan Jett and The Blackhearts",Busch Stadium,"Tue, Jul 06 2021 4:30 PM",A6,20,Seats 21 - 22. ,FedEx Delivery,2,228.00
"The Stadium Tour: Motley Crue, Def Leppard, Poison & Joan Jett and The Blackhearts",Busch Stadium,"Tue, Jul 06 2021 4:30 PM",A7,24,Seats 13 - 16. Ready to ship by 7/4/2021.,FedEx Delivery,4,228.00
"The Stadium Tour: Motley Crue, Def Leppard, Poison & Joan Jett and The Blackhearts",Busch Stadium,"Tue, Jul 06 2021 4:30 PM",A1,16,Seats 16 - 17. Seats 16-17. ,FedEx Delivery,2,230.00
"The Stadium Tour: Motley Crue, Def Leppard, Poison & Joan Jett and The Blackhearts",Busch Stadium,"Tue, Jul 06 2021 4:30 PM",132,26,Seats 1 - 4. Ready to ship by 6/6/2021.,FedEx Delivery,4,243.00
"The Stadium Tour: Motley Crue, Def Leppard, Poison & Joan Jett and The Blackhearts",Busch Stadium,"Tue, Jul 06 2021 4:30 PM",167,25,Seats 21 - 24. Ready to ship by 6/6/2021.,FedEx Delivery,4,243.00
"The Stadium Tour: Motley Crue, Def Leppard, Poison & Joan Jett and The Blackhearts",Busch Stadium,"Tue, Jul 06 2021 4:30 PM",B2,3,Seats 19 - 20. Seats 19-20. ,FedEx Delivery,2,247.00
"The Stadium Tour: Motley Crue, Def Leppard, Poison & Joan Jett and The Blackhearts",Busch Stadium,"Tue, Jul 06 2021 4:30 PM",A1,23,Seats 8 - 11. Ready to ship by 6/6/2021.,FedEx Delivery,4,248.00
"The Stadium Tour: Motley Crue, Def Leppard, Poison & Joan Jett and The Blackhearts",Busch Stadium,"Tue, Jul 06 2021 4:30 PM",134,28,Seats 7 - 8. XFER Mobile Entry Ticket. Must have smart device on hand to enter event. Mobile Entry Tickets. Must have smart device on hand to enter event.,Electronic Transfer,2,248.00
"The Stadium Tour: Motley Crue, Def Leppard, Poison & Joan Jett and The Blackhearts",Busch Stadium,"Tue, Jul 06 2021 4:30 PM",A7,13,Seats 9 - 10. Seats 9-10. ,FedEx Delivery,2,251.00
"The Stadium Tour: Motley Crue, Def Leppard, Poison & Joan Jett and The Blackhearts",Busch Stadium,"Tue, Jul 06 2021 4:30 PM",132,11,Seats 5 - 8. ,FedEx Delivery,4,252.00
"The Stadium Tour: Motley Crue, Def Leppard, Poison & Joan Jett and The Blackhearts",Busch Stadium,"Tue, Jul 06 2021 4:30 PM",B6,4,Seats 19 - 22. Seats 19-22. ,FedEx Delivery,4,258.00
"The Stadium Tour: Motley Crue, Def Leppard, Poison & Joan Jett and The Blackhearts",Busch Stadium,"Tue, Jul 06 2021 4:30 PM",A2,14,Elite Seller - Has established a reputation for speedy confirmation and on-time delivery of orders!,FedEx Delivery,2,263.00
"The Stadium Tour: Motley Crue, Def Leppard, Poison & Joan Jett and The Blackhearts",Busch Stadium,"Tue, Jul 06 2021 4:30 PM",135,4,Seats 3 - 6. XFER Mobile Entry Ticket. Must have smart device on hand to enter event. Mobile Entry Tickets. Must have smart device on hand to enter event.,Electronic Transfer,4,263.00
"The Stadium Tour: Motley Crue, Def Leppard, Poison & Joan Jett and The Blackhearts",Busch Stadium,"Tue, Jul 06 2021 4:30 PM",134,16,Elite Seller - Has established a reputation for speedy confirmation and on-time delivery of orders!,E-Tickets,6,264.00
"The Stadium Tour: Motley Crue, Def Leppard, Poison & Joan Jett and The Blackhearts",Busch Stadium,"Tue, Jul 06 2021 4:30 PM",A1,12,Elite Seller - Has established a reputation for speedy confirmation and on-time delivery of orders!,FedEx Delivery,2,265.00
"The Stadium Tour: Motley Crue, Def Leppard, Poison & Joan Jett and The Blackhearts",Busch Stadium,"Tue, Jul 06 2021 4:30 PM",132,4,Elite Seller - Has established a reputation for speedy confirmation and on-time delivery of orders!,Electronic Transfer,4,266.00
"The Stadium Tour: Motley Crue, Def Leppard, Poison & Joan Jett and The Blackhearts",Busch Stadium,"Tue, Jul 06 2021 4:30 PM",A1,20,Seats 13 - 14. ,FedEx Delivery,2,275.00
"The Stadium Tour: Motley Crue, Def Leppard, Poison & Joan Jett and The Blackhearts",Busch Stadium,"Tue, Jul 06 2021 4:30 PM",A1,20,Seats 15 - 16. ,FedEx Delivery,2,275.00
"The Stadium Tour: Motley Crue, Def Leppard, Poison & Joan Jett and The Blackhearts",Busch Stadium,"Tue, Jul 06 2021 4:30 PM",A2,24,,FedEx Delivery,4,279.00
"The Stadium Tour: Motley Crue, Def Leppard, Poison & Joan Jett and The Blackhearts",Busch Stadium,"Tue, Jul 06 2021 4:30 PM",167,10,Xfer MOBILE ENTRY. Scan your tickets from your phone for this event. Do not print these tickets. Ready to ship by 7/4/2021,Electronic Transfer,2,281.00
"The Stadium Tour: Motley Crue, Def Leppard, Poison & Joan Jett and The Blackhearts",Busch Stadium,"Tue, Jul 06 2021 4:30 PM",A2,17,Ready to ship by 6/29/2021.,FedEx Delivery,1,282.00
"The Stadium Tour: Motley Crue, Def Leppard, Poison & Joan Jett and The Blackhearts",Busch Stadium,"Tue, Jul 06 2021 4:30 PM",167,4,Seats 9 - 10. Ready to ship by 6/6/2021.,FedEx Delivery,2,282.00
"The Stadium Tour: Motley Crue, Def Leppard, Poison & Joan Jett and The Blackhearts",Busch Stadium,"Tue, Jul 06 2021 4:30 PM",167,9,Xfer MOBILE ENTRY. Scan your tickets from your phone for this event. Do not print these tickets. Ready to ship by 7/4/2021,Electronic Transfer,3,282.00
"The Stadium Tour: Motley Crue, Def Leppard, Poison & Joan Jett and The Blackhearts",Busch Stadium,"Tue, Jul 06 2021 4:30 PM",132,7,XFER,Electronic Transfer,4,286.00
"The Stadium Tour: Motley Crue, Def Leppard, Poison & Joan Jett and The Blackhearts",Busch Stadium,"Tue, Jul 06 2021 4:30 PM",132,10,XFER,Electronic Transfer,4,286.00
"The Stadium Tour: Motley Crue, Def Leppard, Poison & Joan Jett and The Blackhearts",Busch Stadium,"Tue, Jul 06 2021 4:30 PM",A6,10,Ready to ship by 7/2/2021.,FedEx Delivery,2,292.00
"The Stadium Tour: Motley Crue, Def Leppard, Poison & Joan Jett and The Blackhearts",Busch Stadium,"Tue, Jul 06 2021 4:30 PM",A6,10,Ready to ship by 7/2/2021.,FedEx Delivery,4,293.00
"The Stadium Tour: Motley Crue, Def Leppard, Poison & Joan Jett and The Blackhearts",Busch Stadium,"Tue, Jul 06 2021 4:30 PM",A6,14,Ready to ship by 7/1/2021.,FedEx Delivery,4,293.00
"The Stadium Tour: Motley Crue, Def Leppard, Poison & Joan Jett and The Blackhearts",Busch Stadium,"Tue, Jul 06 2021 4:30 PM",A2,24,Elite Seller - Has established a reputation for speedy confirmation and on-time delivery of orders!,FedEx Delivery,8,293.00
"The Stadium Tour: Motley Crue, Def Leppard, Poison & Joan Jett and The Blackhearts",Busch Stadium,"Tue, Jul 06 2021 4:30 PM",A2,19,Elite Seller - Has established a reputation for speedy confirmation and on-time delivery of orders!,FedEx Delivery,6,294.00
"The Stadium Tour: Motley Crue, Def Leppard, Poison & Joan Jett and The Blackhearts",Busch Stadium,"Tue, Jul 06 2021 4:30 PM",A6,9,Elite Seller - Has established a reputation for speedy confirmation and on-time delivery of orders!,FedEx Delivery,8,299.00
"The Stadium Tour: Motley Crue, Def Leppard, Poison & Joan Jett and The Blackhearts",Busch Stadium,"Tue, Jul 06 2021 4:30 PM",A2,16,Seats 5 - 12. ,FedEx Delivery,8,306.00
"The Stadium Tour: Motley Crue, Def Leppard, Poison & Joan Jett and The Blackhearts",Busch Stadium,"Tue, Jul 06 2021 4:30 PM",A2,13,Elite Seller - Has established a reputation for speedy confirmation and on-time delivery of orders!,FedEx Delivery,4,316.00
"The Stadium Tour: Motley Crue, Def Leppard, Poison & Joan Jett and The Blackhearts",Busch Stadium,"Tue, Jul 06 2021 4:30 PM",A6,14,Seats 17 - 18. ,FedEx Delivery,2,329.00
